{
"type": "FeatureCollection",
"name": "awc_grid_resmi_100km",
"crs": { "type": "name", "properties": { "name": "urn:ogc:def:crs:OGC:1.3:CRS84" } },
"features": [
{ "type": "Feature", "properties": { "cell_id": 0, "kekayaan_spesies": null, "total_individu": null, "jumlah_lokasi": null }, "geometry": { "type": "Polygon", "coordinates": [ [ [ 95.889400852600161, 1.763561603240912 ], [ 95.895445570657657, 2.662619197278608 ], [ 94.991322995153538, 2.66875408230606 ], [ 94.985031051115598, 1.769692863519321 ], [ 95.889400852600161, 1.763561603240912 ] ] ] } },
{ "type": "Feature", "properties": { "cell_id": 1, "kekayaan_spesies": null, "total_individu": null, "jumlah_lokasi": null }, "geometry": { "type": "Polygon", "coordinates": [ [ [ 95.895445570657657, 2.662619197278608 ], [ 95.901486984590662, 3.562561966149852 ], [ 94.997611499942735, 3.568701958499149 ], [ 94.991322995153538, 2.66875408230606 ], [ 95.895445570657657, 2.662619197278608 ] ] ] } },
{ "type": "Feature", "properties": { "cell_id": 2, "kekayaan_spesies": null, "total_individu": null, "jumlah_lokasi": null }, "geometry": { "type": "Polygon", "coordinates": [ [ [ 95.901486984590662, 3.562561966149852 ], [ 95.907525097107467, 4.463608592372656 ], [ 95.003896568302252, 4.469755187210292 ], [ 94.997611499942735, 3.568701958499149 ], [ 95.901486984590662, 3.562561966149852 ] ] ] } },
{ "type": "Feature", "properties": { "cell_id": 3, "kekayaan_spesies": null, "total_individu": null, "jumlah_lokasi": null }, "geometry": { "type": "Polygon", "coordinates": [ [ [ 95.907525097107467, 4.463608592372656 ], [ 95.913559910913492, 5.365980033683696 ], [ 95.010178203048113, 5.372134742196599 ], [ 95.003896568302252, 4.469755187210292 ], [ 95.907525097107467, 4.463608592372656 ] ] ] } },
{ "type": "Feature", "properties": { "cell_id": 4, "kekayaan_spesies": 28.0, "total_individu": 1666.0, "jumlah_lokasi": 8.0 }, "geometry": { "type": "Polygon", "coordinates": [ [ [ 95.913559910913492, 5.365980033683696 ], [ 95.919591428711144, 6.269900035102978 ], [ 95.016456406993228, 6.276064388023044 ], [ 95.010178203048113, 5.372134742196599 ], [ 95.913559910913492, 5.365980033683696 ] ] ] } },
{ "type": "Feature", "properties": { "cell_id": 5, "kekayaan_spesies": null, "total_individu": null, "jumlah_lokasi": null }, "geometry": { "type": "Polygon", "coordinates": [ [ [ 96.793773960920021, 1.75767612450824 ], [ 96.799571450285796, 2.656730248563786 ], [ 95.895445570657657, 2.662619197278608 ], [ 95.889400852600161, 1.763561603240912 ], [ 96.793773960920021, 1.75767612450824 ] ] ] } },
{ "type": "Feature", "properties": { "cell_id": 6, "kekayaan_spesies": null, "total_individu": null, "jumlah_lokasi": null }, "geometry": { "type": "Polygon", "coordinates": [ [ [ 96.799571450285796, 2.656730248563786 ], [ 96.805365770654262, 3.556668124371878 ], [ 95.901486984590662, 3.562561966149852 ], [ 95.895445570657657, 2.662619197278608 ], [ 96.799571450285796, 2.656730248563786 ] ] ] } },
{ "type": "Feature", "properties": { "cell_id": 7, "kekayaan_spesies": null, "total_individu": null, "jumlah_lokasi": null }, "geometry": { "type": "Polygon", "coordinates": [ [ [ 96.805365770654262, 3.556668124371878 ], [ 96.811156924622992, 4.457708422381975 ], [ 95.907525097107467, 4.463608592372656 ], [ 95.901486984590662, 3.562561966149852 ], [ 96.805365770654262, 3.556668124371878 ] ] ] } },
{ "type": "Feature", "properties": { "cell_id": 8, "kekayaan_spesies": 4.0, "total_individu": 2650.0, "jumlah_lokasi": 2.0 }, "geometry": { "type": "Polygon", "coordinates": [ [ [ 96.811156924622992, 4.457708422381975 ], [ 96.81694491478676, 5.360072084976666 ], [ 95.913559910913492, 5.365980033683696 ], [ 95.907525097107467, 4.463608592372656 ], [ 96.811156924622992, 4.457708422381975 ] ] ] } },
{ "type": "Feature", "properties": { "cell_id": 9, "kekayaan_spesies": null, "total_individu": null, "jumlah_lokasi": null }, "geometry": { "type": "Polygon", "coordinates": [ [ [ 96.81694491478676, 5.360072084976666 ], [ 96.822729743737455, 6.26398283843623 ], [ 95.919591428711144, 6.269900035102978 ], [ 95.913559910913492, 5.365980033683696 ], [ 96.81694491478676, 5.360072084976666 ] ] ] } },
{ "type": "Feature", "properties": { "cell_id": 10, "kekayaan_spesies": null, "total_individu": null, "jumlah_lokasi": null }, "geometry": { "type": "Polygon", "coordinates": [ [ [ 97.687040613127166, -0.044284294673075 ], [ 97.692596946406738, 0.853651117382259 ], [ 96.787973299956505, 0.859288855647363 ], [ 96.782169464791963, -0.038647167970303 ], [ 97.687040613127166, -0.044284294673075 ] ] ] } },
{ "type": "Feature", "properties": { "cell_id": 11, "kekayaan_spesies": null, "total_individu": null, "jumlah_lokasi": null }, "geometry": { "type": "Polygon", "coordinates": [ [ [ 97.692596946406738, 0.853651117382259 ], [ 97.698150240837165, 1.752036424995169 ], [ 96.793773960920021, 1.75767612450824 ], [ 96.787973299956505, 0.859288855647363 ], [ 97.692596946406738, 0.853651117382259 ] ] ] } },
{ "type": "Feature", "properties": { "cell_id": 12, "kekayaan_spesies": null, "total_individu": null, "jumlah_lokasi": null }, "geometry": { "type": "Polygon", "coordinates": [ [ [ 97.698150240837165, 1.752036424995169 ], [ 97.703700498910777, 2.651087232672277 ], [ 96.799571450285796, 2.656730248563786 ], [ 96.793773960920021, 1.75767612450824 ], [ 97.698150240837165, 1.752036424995169 ] ] ] } },
{ "type": "Feature", "properties": { "cell_id": 13, "kekayaan_spesies": null, "total_individu": null, "jumlah_lokasi": null }, "geometry": { "type": "Polygon", "coordinates": [ [ [ 97.703700498910777, 2.651087232672277 ], [ 97.70924772311713, 3.551020428504058 ], [ 96.805365770654262, 3.556668124371878 ], [ 96.799571450285796, 2.656730248563786 ], [ 97.703700498910777, 2.651087232672277 ] ] ] } },
{ "type": "Feature", "properties": { "cell_id": 14, "kekayaan_spesies": null, "total_individu": null, "jumlah_lokasi": null }, "geometry": { "type": "Polygon", "coordinates": [ [ [ 97.70924772311713, 3.551020428504058 ], [ 97.714791915943024, 4.452054671396728 ], [ 96.811156924622992, 4.457708422381975 ], [ 96.805365770654262, 3.556668124371878 ], [ 97.70924772311713, 3.551020428504058 ] ] ] } },
{ "type": "Feature", "properties": { "cell_id": 15, "kekayaan_spesies": null, "total_individu": null, "jumlah_lokasi": null }, "geometry": { "type": "Polygon", "coordinates": [ [ [ 97.714791915943024, 4.452054671396728 ], [ 97.720333079872603, 5.354410889038795 ], [ 96.81694491478676, 5.360072084976666 ], [ 96.811156924622992, 4.457708422381975 ], [ 97.714791915943024, 4.452054671396728 ] ] ] } },
{ "type": "Feature", "properties": { "cell_id": 16, "kekayaan_spesies": null, "total_individu": null, "jumlah_lokasi": null }, "geometry": { "type": "Polygon", "coordinates": [ [ [ 98.586603068028154, -0.947376800853274 ], [ 98.591914802806059, -0.049675772340532 ], [ 97.687040613127166, -0.044284294673075 ], [ 97.681481238503494, -0.941984611661955 ], [ 98.586603068028154, -0.947376800853274 ] ] ] } },
{ "type": "Feature", "properties": { "cell_id": 17, "kekayaan_spesies": null, "total_individu": null, "jumlah_lokasi": null }, "geometry": { "type": "Polygon", "coordinates": [ [ [ 98.591914802806059, -0.049675772340532 ], [ 98.597223631705603, 0.848259062718434 ], [ 97.692596946406738, 0.853651117382259 ], [ 97.687040613127166, -0.044284294673075 ], [ 98.591914802806059, -0.049675772340532 ] ] ] } },
{ "type": "Feature", "properties": { "cell_id": 18, "kekayaan_spesies": null, "total_individu": null, "jumlah_lokasi": null }, "geometry": { "type": "Polygon", "coordinates": [ [ [ 98.597223631705603, 0.848259062718434 ], [ 98.602529557110685, 1.746642502483941 ], [ 97.698150240837165, 1.752036424995169 ], [ 97.692596946406738, 0.853651117382259 ], [ 98.597223631705603, 0.848259062718434 ] ] ] } },
{ "type": "Feature", "properties": { "cell_id": 19, "kekayaan_spesies": null, "total_individu": null, "jumlah_lokasi": null }, "geometry": { "type": "Polygon", "coordinates": [ [ [ 98.602529557110685, 1.746642502483941 ], [ 98.60783258140259, 2.645690146272619 ], [ 97.703700498910777, 2.651087232672277 ], [ 97.698150240837165, 1.752036424995169 ], [ 98.602529557110685, 1.746642502483941 ] ] ] } },
{ "type": "Feature", "properties": { "cell_id": 20, "kekayaan_spesies": null, "total_individu": null, "jumlah_lokasi": null }, "geometry": { "type": "Polygon", "coordinates": [ [ [ 98.60783258140259, 2.645690146272619 ], [ 98.613132706959973, 3.545618874094048 ], [ 97.70924772311713, 3.551020428504058 ], [ 97.703700498910777, 2.651087232672277 ], [ 98.60783258140259, 2.645690146272619 ] ] ] } },
{ "type": "Feature", "properties": { "cell_id": 21, "kekayaan_spesies": null, "total_individu": null, "jumlah_lokasi": null }, "geometry": { "type": "Polygon", "coordinates": [ [ [ 98.613132706959973, 3.545618874094048 ], [ 98.618429936158918, 4.446647333831696 ], [ 97.714791915943024, 4.452054671396728 ], [ 97.70924772311713, 3.551020428504058 ], [ 98.613132706959973, 3.545618874094048 ] ] ] } },
{ "type": "Feature", "properties": { "cell_id": 22, "kekayaan_spesies": null, "total_individu": null, "jumlah_lokasi": null }, "geometry": { "type": "Polygon", "coordinates": [ [ [ 98.618429936158918, 4.446647333831696 ], [ 98.623724271372922, 5.348996439139493 ], [ 97.720333079872603, 5.354410889038795 ], [ 97.714791915943024, 4.452054671396728 ], [ 98.618429936158918, 4.446647333831696 ] ] ] } },
{ "type": "Feature", "properties": { "cell_id": 23, "kekayaan_spesies": null, "total_individu": null, "jumlah_lokasi": null }, "geometry": { "type": "Polygon", "coordinates": [ [ [ 99.486660940586319, -1.850206926237524 ], [ 99.49172780581722, -0.952523315800753 ], [ 98.586603068028154, -0.947376800853274 ], [ 98.581288424985374, -1.84505849465329 ], [ 99.486660940586319, -1.850206926237524 ] ] ] } },
{ "type": "Feature", "properties": { "cell_id": 24, "kekayaan_spesies": null, "total_individu": null, "jumlah_lokasi": null }, "geometry": { "type": "Polygon", "coordinates": [ [ [ 99.49172780581722, -0.952523315800753 ], [ 99.496791898362858, -0.054821600965465 ], [ 98.591914802806059, -0.049675772340532 ], [ 98.586603068028154, -0.947376800853274 ], [ 99.49172780581722, -0.952523315800753 ] ] ] } },
{ "type": "Feature", "properties": { "cell_id": 25, "kekayaan_spesies": 11.0, "total_individu": 36.0, "jumlah_lokasi": 3.0 }, "geometry": { "type": "Polygon", "coordinates": [ [ [ 99.496791898362858, -0.054821600965465 ], [ 99.501853220498518, 0.843112690606278 ], [ 98.597223631705603, 0.848259062718434 ], [ 98.591914802806059, -0.049675772340532 ], [ 99.496791898362858, -0.054821600965465 ] ] ] } },
{ "type": "Feature", "properties": { "cell_id": 26, "kekayaan_spesies": null, "total_individu": null, "jumlah_lokasi": null }, "geometry": { "type": "Polygon", "coordinates": [ [ [ 99.501853220498518, 0.843112690606278 ], [ 99.50691177449697, 1.741494354864031 ], [ 98.602529557110685, 1.746642502483941 ], [ 98.597223631705603, 0.848259062718434 ], [ 99.501853220498518, 0.843112690606278 ] ] ] } },
{ "type": "Feature", "properties": { "cell_id": 27, "kekayaan_spesies": null, "total_individu": null, "jumlah_lokasi": null }, "geometry": { "type": "Polygon", "coordinates": [ [ [ 99.50691177449697, 1.741494354864031 ], [ 99.511967562628456, 2.64053898618846 ], [ 98.60783258140259, 2.645690146272619 ], [ 98.602529557110685, 1.746642502483941 ], [ 99.50691177449697, 1.741494354864031 ] ] ] } },
{ "type": "Feature", "properties": { "cell_id": 28, "kekayaan_spesies": null, "total_individu": null, "jumlah_lokasi": null }, "geometry": { "type": "Polygon", "coordinates": [ [ [ 99.511967562628456, 2.64053898618846 ], [ 99.5170205871608, 3.540463456892372 ], [ 98.613132706959973, 3.545618874094048 ], [ 98.60783258140259, 2.645690146272619 ], [ 99.511967562628456, 2.64053898618846 ] ] ] } },
{ "type": "Feature", "properties": { "cell_id": 29, "kekayaan_spesies": 48.0, "total_individu": 17970.0, "jumlah_lokasi": 3.0 }, "geometry": { "type": "Polygon", "coordinates": [ [ [ 99.5170205871608, 3.540463456892372 ], [ 99.522070850359327, 4.441486404354874 ], [ 98.618429936158918, 4.446647333831696 ], [ 98.613132706959973, 3.545618874094048 ], [ 99.5170205871608, 3.540463456892372 ] ] ] } },
{ "type": "Feature", "properties": { "cell_id": 30, "kekayaan_spesies": null, "total_individu": null, "jumlah_lokasi": null }, "geometry": { "type": "Polygon", "coordinates": [ [ [ 100.382390140890053, -3.651288809149569 ], [ 100.38721450673907, -2.75299273182049 ], [ 99.481591300392452, -2.748087054056783 ], [ 99.476518882955347, -3.646378944650346 ], [ 100.382390140890053, -3.651288809149569 ] ] ] } },
{ "type": "Feature", "properties": { "cell_id": 31, "kekayaan_spesies": null, "total_individu": null, "jumlah_lokasi": null }, "geometry": { "type": "Polygon", "coordinates": [ [ [ 100.38721450673907, -2.75299273182049 ], [ 100.392036231149845, -1.855109597620382 ], [ 99.486660940586319, -1.850206926237524 ], [ 99.481591300392452, -2.748087054056783 ], [ 100.38721450673907, -2.75299273182049 ] ] ] } },
{ "type": "Feature", "properties": { "cell_id": 32, "kekayaan_spesies": null, "total_individu": null, "jumlah_lokasi": null }, "geometry": { "type": "Polygon", "coordinates": [ [ [ 100.392036231149845, -1.855109597620382 ], [ 100.396855316291109, -0.957424155476054 ], [ 99.49172780581722, -0.952523315800753 ], [ 99.486660940586319, -1.850206926237524 ], [ 100.392036231149845, -1.855109597620382 ] ] ] } },
{ "type": "Feature", "properties": { "cell_id": 33, "kekayaan_spesies": 17.0, "total_individu": 118.0, "jumlah_lokasi": 2.0 }, "geometry": { "type": "Polygon", "coordinates": [ [ [ 100.396855316291109, -0.957424155476054 ], [ 100.401671764329237, -0.059721780528572 ], [ 99.496791898362858, -0.054821600965465 ], [ 99.49172780581722, -0.952523315800753 ], [ 100.396855316291109, -0.957424155476054 ] ] ] } },
{ "type": "Feature", "properties": { "cell_id": 34, "kekayaan_spesies": 12.0, "total_individu": 29.0, "jumlah_lokasi": 2.0 }, "geometry": { "type": "Polygon", "coordinates": [ [ [ 100.401671764329237, -0.059721780528572 ], [ 100.406485577428242, 0.838212000054693 ], [ 99.501853220498518, 0.843112690606278 ], [ 99.496791898362858, -0.054821600965465 ], [ 100.401671764329237, -0.059721780528572 ] ] ] } },
{ "type": "Feature", "properties": { "cell_id": 35, "kekayaan_spesies": null, "total_individu": null, "jumlah_lokasi": null }, "geometry": { "type": "Polygon", "coordinates": [ [ [ 100.406485577428242, 0.838212000054693 ], [ 100.411296757749767, 1.736591980133246 ], [ 99.50691177449697, 1.741494354864031 ], [ 99.501853220498518, 0.843112690606278 ], [ 100.406485577428242, 0.838212000054693 ] ] ] } },
{ "type": "Feature", "properties": { "cell_id": 36, "kekayaan_spesies": null, "total_individu": null, "jumlah_lokasi": null }, "geometry": { "type": "Polygon", "coordinates": [ [ [ 100.411296757749767, 1.736591980133246 ], [ 100.416105307453066, 2.635633749399751 ], [ 99.511967562628456, 2.64053898618846 ], [ 99.50691177449697, 1.741494354864031 ], [ 100.411296757749767, 1.736591980133246 ] ] ] } },
{ "type": "Feature", "properties": { "cell_id": 37, "kekayaan_spesies": null, "total_individu": null, "jumlah_lokasi": null }, "geometry": { "type": "Polygon", "coordinates": [ [ [ 100.416105307453066, 2.635633749399751 ], [ 100.420911228695061, 3.535554172854611 ], [ 99.5170205871608, 3.540463456892372 ], [ 99.511967562628456, 2.64053898618846 ], [ 100.416105307453066, 2.635633749399751 ] ] ] } },
{ "type": "Feature", "properties": { "cell_id": 38, "kekayaan_spesies": null, "total_individu": null, "jumlah_lokasi": null }, "geometry": { "type": "Polygon", "coordinates": [ [ [ 101.288264042433724, -3.655952562855607 ], [ 101.292840354523548, -2.757652502677916 ], [ 100.38721450673907, -2.75299273182049 ], [ 100.382390140890053, -3.651288809149569 ], [ 101.288264042433724, -3.655952562855607 ] ] ] } },
{ "type": "Feature", "properties": { "cell_id": 39, "kekayaan_spesies": null, "total_individu": null, "jumlah_lokasi": null }, "geometry": { "type": "Polygon", "coordinates": [ [ [ 101.292840354523548, -2.757652502677916 ], [ 101.29741416098247, -1.859766506851011 ], [ 100.392036231149845, -1.855109597620382 ], [ 100.38721450673907, -2.75299273182049 ], [ 101.292840354523548, -2.757652502677916 ] ] ] } },
{ "type": "Feature", "properties": { "cell_id": 40, "kekayaan_spesies": null, "total_individu": null, "jumlah_lokasi": null }, "geometry": { "type": "Polygon", "coordinates": [ [ [ 101.29741416098247, -1.859766506851011 ], [ 101.301985463867737, -0.962079318892024 ], [ 100.396855316291109, -0.957424155476054 ], [ 100.392036231149845, -1.855109597620382 ], [ 101.29741416098247, -1.859766506851011 ] ] ] } },
{ "type": "Feature", "properties": { "cell_id": 41, "kekayaan_spesies": null, "total_individu": null, "jumlah_lokasi": null }, "geometry": { "type": "Polygon", "coordinates": [ [ [ 101.301985463867737, -0.962079318892024 ], [ 101.306554265234354, -0.064376311003517 ], [ 100.401671764329237, -0.059721780528572 ], [ 100.396855316291109, -0.957424155476054 ], [ 101.301985463867737, -0.962079318892024 ] ] ] } },
{ "type": "Feature", "properties": { "cell_id": 42, "kekayaan_spesies": null, "total_individu": null, "jumlah_lokasi": null }, "geometry": { "type": "Polygon", "coordinates": [ [ [ 101.306554265234354, -0.064376311003517 ], [ 101.311120567135077, 0.833556990128378 ], [ 100.406485577428242, 0.838212000054693 ], [ 100.401671764329237, -0.059721780528572 ], [ 101.306554265234354, -0.064376311003517 ] ] ] } },
{ "type": "Feature", "properties": { "cell_id": 43, "kekayaan_spesies": null, "total_individu": null, "jumlah_lokasi": null }, "geometry": { "type": "Polygon", "coordinates": [ [ [ 101.311120567135077, 0.833556990128378 ], [ 101.315684371620407, 1.731935376390896 ], [ 100.411296757749767, 1.736591980133246 ], [ 100.406485577428242, 0.838212000054693 ], [ 101.311120567135077, 0.833556990128378 ] ] ] } },
{ "type": "Feature", "properties": { "cell_id": 44, "kekayaan_spesies": null, "total_individu": null, "jumlah_lokasi": null }, "geometry": { "type": "Polygon", "coordinates": [ [ [ 101.315684371620407, 1.731935376390896 ], [ 101.320245680738594, 2.630974433039308 ], [ 100.416105307453066, 2.635633749399751 ], [ 100.411296757749767, 1.736591980133246 ], [ 101.315684371620407, 1.731935376390896 ] ] ] } },
{ "type": "Feature", "properties": { "cell_id": 45, "kekayaan_spesies": null, "total_individu": null, "jumlah_lokasi": null }, "geometry": { "type": "Polygon", "coordinates": [ [ [ 102.185476821867653, -5.459090336131368 ], [ 102.189809823627144, -4.559305537643296 ], [ 101.283685222653503, -4.554883050809122 ], [ 101.279103893121103, -5.454661922154017 ], [ 102.185476821867653, -5.459090336131368 ] ] ] } },
{ "type": "Feature", "properties": { "cell_id": 46, "kekayaan_spesies": null, "total_individu": null, "jumlah_lokasi": null }, "geometry": { "type": "Polygon", "coordinates": [ [ [ 102.194140451667423, -3.660370202063405 ], [ 102.198468707938545, -2.762066363849729 ], [ 101.292840354523548, -2.757652502677916 ], [ 101.288264042433724, -3.655952562855607 ], [ 102.194140451667423, -3.660370202063405 ] ] ] } },
{ "type": "Feature", "properties": { "cell_id": 47, "kekayaan_spesies": null, "total_individu": null, "jumlah_lokasi": null }, "geometry": { "type": "Polygon", "coordinates": [ [ [ 102.198468707938545, -2.762066363849729 ], [ 102.202794594388365, -1.864177652069064 ], [ 101.29741416098247, -1.859766506851011 ], [ 101.292840354523548, -2.757652502677916 ], [ 102.198468707938545, -2.762066363849729 ] ] ] } },
{ "type": "Feature", "properties": { "cell_id": 48, "kekayaan_spesies": 15.0, "total_individu": 111.0, "jumlah_lokasi": 1.0 }, "geometry": { "type": "Polygon", "coordinates": [ [ [ 102.202794594388365, -1.864177652069064 ], [ 102.207118112962632, -0.966488805102382 ], [ 101.301985463867737, -0.962079318892024 ], [ 101.29741416098247, -1.859766506851011 ], [ 102.202794594388365, -1.864177652069064 ] ] ] } },
{ "type": "Feature", "properties": { "cell_id": 49, "kekayaan_spesies": null, "total_individu": null, "jumlah_lokasi": null }, "geometry": { "type": "Polygon", "coordinates": [ [ [ 102.207118112962632, -0.966488805102382 ], [ 102.21143926560498, -0.068785192357434 ], [ 101.306554265234354, -0.064376311003517 ], [ 101.301985463867737, -0.962079318892024 ], [ 102.207118112962632, -0.966488805102382 ] ] ] } },
{ "type": "Feature", "properties": { "cell_id": 50, "kekayaan_spesies": 1.0, "total_individu": 3.0, "jumlah_lokasi": 1.0 }, "geometry": { "type": "Polygon", "coordinates": [ [ [ 102.21143926560498, -0.068785192357434 ], [ 102.215758054256909, 0.829147659946184 ], [ 101.311120567135077, 0.833556990128378 ], [ 101.306554265234354, -0.064376311003517 ], [ 102.21143926560498, -0.068785192357434 ] ] ] } },
{ "type": "Feature", "properties": { "cell_id": 51, "kekayaan_spesies": null, "total_individu": null, "jumlah_lokasi": null }, "geometry": { "type": "Polygon", "coordinates": [ [ [ 102.215758054256909, 0.829147659946184 ], [ 102.220074480857789, 1.727524541841864 ], [ 101.315684371620407, 1.731935376390896 ], [ 101.311120567135077, 0.833556990128378 ], [ 102.215758054256909, 0.829147659946184 ] ] ] } },
{ "type": "Feature", "properties": { "cell_id": 52, "kekayaan_spesies": null, "total_individu": null, "jumlah_lokasi": null }, "geometry": { "type": "Polygon", "coordinates": [ [ [ 102.220074480857789, 1.727524541841864 ], [ 102.224388547344844, 2.626561034389991 ], [ 101.320245680738594, 2.630974433039308 ], [ 101.315684371620407, 1.731935376390896 ], [ 102.220074480857789, 1.727524541841864 ] ] ] } },
{ "type": "Feature", "properties": { "cell_id": 53, "kekayaan_spesies": null, "total_individu": null, "jumlah_lokasi": null }, "geometry": { "type": "Polygon", "coordinates": [ [ [ 103.087765214726389, -6.364132991374701 ], [ 103.09185212628519, -5.463272041518607 ], [ 102.185476821867653, -5.459090336131368 ], [ 102.181141444436804, -6.359944653032858 ], [ 103.087765214726389, -6.364132991374701 ] ] ] } },
{ "type": "Feature", "properties": { "cell_id": 54, "kekayaan_spesies": null, "total_individu": null, "jumlah_lokasi": null }, "geometry": { "type": "Polygon", "coordinates": [ [ [ 103.09185212628519, -5.463272041518607 ], [ 103.095936798319613, -4.5634816412215 ], [ 102.189809823627144, -4.559305537643296 ], [ 102.185476821867653, -5.459090336131368 ], [ 103.09185212628519, -5.463272041518607 ] ] ] } },
{ "type": "Feature", "properties": { "cell_id": 55, "kekayaan_spesies": null, "total_individu": null, "jumlah_lokasi": null }, "geometry": { "type": "Polygon", "coordinates": [ [ [ 103.095936798319613, -4.5634816412215 ], [ 103.100019232669965, -3.664541723255156 ], [ 102.194140451667423, -3.660370202063405 ], [ 102.189809823627144, -4.559305537643296 ], [ 103.095936798319613, -4.5634816412215 ] ] ] } },
{ "type": "Feature", "properties": { "cell_id": 56, "kekayaan_spesies": null, "total_individu": null, "jumlah_lokasi": null }, "geometry": { "type": "Polygon", "coordinates": [ [ [ 103.100019232669965, -3.664541723255156 ], [ 103.10409943117449, -2.766234312693608 ], [ 102.198468707938545, -2.762066363849729 ], [ 102.194140451667423, -3.660370202063405 ], [ 103.100019232669965, -3.664541723255156 ] ] ] } },
{ "type": "Feature", "properties": { "cell_id": 57, "kekayaan_spesies": null, "total_individu": null, "jumlah_lokasi": null }, "geometry": { "type": "Polygon", "coordinates": [ [ [ 103.10409943117449, -2.766234312693608 ], [ 103.108177395669458, -1.868343031502642 ], [ 102.202794594388365, -1.864177652069064 ], [ 102.198468707938545, -2.762066363849729 ], [ 103.10409943117449, -2.766234312693608 ] ] ] } },
{ "type": "Feature", "properties": { "cell_id": 58, "kekayaan_spesies": null, "total_individu": null, "jumlah_lokasi": null }, "geometry": { "type": "Polygon", "coordinates": [ [ [ 103.108177395669458, -1.868343031502642 ], [ 103.112253127989106, -0.970652613202551 ], [ 102.207118112962632, -0.966488805102382 ], [ 102.202794594388365, -1.864177652069064 ], [ 103.108177395669458, -1.868343031502642 ] ] ] } },
{ "type": "Feature", "properties": { "cell_id": 59, "kekayaan_spesies": null, "total_individu": null, "jumlah_lokasi": null }, "geometry": { "type": "Polygon", "coordinates": [ [ [ 103.112253127989106, -0.970652613202551 ], [ 103.116326629965698, -0.072948424551763 ], [ 102.21143926560498, -0.068785192357434 ], [ 102.207118112962632, -0.966488805102382 ], [ 103.112253127989106, -0.970652613202551 ] ] ] } },
{ "type": "Feature", "properties": { "cell_id": 60, "kekayaan_spesies": null, "total_individu": null, "jumlah_lokasi": null }, "geometry": { "type": "Polygon", "coordinates": [ [ [ 103.116326629965698, -0.072948424551763 ], [ 103.120397903429463, 0.824984008682943 ], [ 102.215758054256909, 0.829147659946184 ], [ 102.21143926560498, -0.068785192357434 ], [ 103.116326629965698, -0.072948424551763 ] ] ] } },
{ "type": "Feature", "properties": { "cell_id": 61, "kekayaan_spesies": null, "total_individu": null, "jumlah_lokasi": null }, "geometry": { "type": "Polygon", "coordinates": [ [ [ 103.120397903429463, 0.824984008682943 ], [ 103.124466950208628, 1.723359474791594 ], [ 102.220074480857789, 1.727524541841864 ], [ 102.215758054256909, 0.829147659946184 ], [ 103.120397903429463, 0.824984008682943 ] ] ] } },
{ "type": "Feature", "properties": { "cell_id": 62, "kekayaan_spesies": null, "total_individu": null, "jumlah_lokasi": null }, "geometry": { "type": "Polygon", "coordinates": [ [ [ 103.998229670226777, -5.467207033308052 ], [ 104.002066010695856, -4.567411357380917 ], [ 103.095936798319613, -4.5634816412215 ], [ 103.09185212628519, -5.463272041518607 ], [ 103.998229670226777, -5.467207033308052 ] ] ] } },
{ "type": "Feature", "properties": { "cell_id": 63, "kekayaan_spesies": null, "total_individu": null, "jumlah_lokasi": null }, "geometry": { "type": "Polygon", "coordinates": [ [ [ 104.002066010695856, -4.567411357380917 ], [ 104.005900249517964, -3.668467123104007 ], [ 103.100019232669965, -3.664541723255156 ], [ 103.095936798319613, -4.5634816412215 ], [ 104.002066010695856, -4.567411357380917 ] ] ] } },
{ "type": "Feature", "properties": { "cell_id": 64, "kekayaan_spesies": null, "total_individu": null, "jumlah_lokasi": null }, "geometry": { "type": "Polygon", "coordinates": [ [ [ 104.005900249517964, -3.668467123104007 ], [ 104.00973238841965, -2.770156346710201 ], [ 103.10409943117449, -2.766234312693608 ], [ 103.100019232669965, -3.664541723255156 ], [ 104.005900249517964, -3.668467123104007 ] ] ] } },
{ "type": "Feature", "properties": { "cell_id": 65, "kekayaan_spesies": null, "total_individu": null, "jumlah_lokasi": null }, "geometry": { "type": "Polygon", "coordinates": [ [ [ 104.00973238841965, -2.770156346710201 ], [ 104.013562429125514, -1.872262643474419 ], [ 103.108177395669458, -1.868343031502642 ], [ 103.10409943117449, -2.766234312693608 ], [ 104.00973238841965, -2.770156346710201 ] ] ] } },
{ "type": "Feature", "properties": { "cell_id": 66, "kekayaan_spesies": null, "total_individu": null, "jumlah_lokasi": null }, "geometry": { "type": "Polygon", "coordinates": [ [ [ 104.013562429125514, -1.872262643474419 ], [ 104.01739037335831, -0.974570742333546 ], [ 103.112253127989106, -0.970652613202551 ], [ 103.108177395669458, -1.868343031502642 ], [ 104.013562429125514, -1.872262643474419 ] ] ] } },
{ "type": "Feature", "properties": { "cell_id": 67, "kekayaan_spesies": null, "total_individu": null, "jumlah_lokasi": null }, "geometry": { "type": "Polygon", "coordinates": [ [ [ 104.01739037335831, -0.974570742333546 ], [ 104.021216222838916, -0.076866007543801 ], [ 103.116326629965698, -0.072948424551763 ], [ 103.112253127989106, -0.970652613202551 ], [ 104.01739037335831, -0.974570742333546 ] ] ] } },
{ "type": "Feature", "properties": { "cell_id": 68, "kekayaan_spesies": null, "total_individu": null, "jumlah_lokasi": null }, "geometry": { "type": "Polygon", "coordinates": [ [ [ 104.021216222838916, -0.076866007543801 ], [ 104.025039979286262, 0.821066035563057 ], [ 103.120397903429463, 0.824984008682943 ], [ 103.116326629965698, -0.072948424551763 ], [ 104.021216222838916, -0.076866007543801 ] ] ] } },
{ "type": "Feature", "properties": { "cell_id": 69, "kekayaan_spesies": null, "total_individu": null, "jumlah_lokasi": null }, "geometry": { "type": "Polygon", "coordinates": [ [ [ 104.025039979286262, 0.821066035563057 ], [ 104.028861644417489, 1.719440173647924 ], [ 103.124466950208628, 1.723359474791594 ], [ 103.120397903429463, 0.824984008682943 ], [ 104.025039979286262, 0.821066035563057 ] ] ] } },
{ "type": "Feature", "properties": { "cell_id": 70, "kekayaan_spesies": null, "total_individu": null, "jumlah_lokasi": null }, "geometry": { "type": "Polygon", "coordinates": [ [ [ 104.901019343143631, -6.371768360855937 ], [ 104.904609317543418, -5.470895306784655 ], [ 103.998229670226777, -5.467207033308052 ], [ 103.994391226382319, -6.368074229155804 ], [ 104.901019343143631, -6.371768360855937 ] ] ] } },
{ "type": "Feature", "properties": { "cell_id": 71, "kekayaan_spesies": null, "total_individu": null, "jumlah_lokasi": null }, "geometry": { "type": "Polygon", "coordinates": [ [ [ 104.904609317543418, -5.470895306784655 ], [ 104.908197324718742, -4.571094682200645 ], [ 104.002066010695856, -4.567411357380917 ], [ 103.998229670226777, -5.467207033308052 ], [ 104.904609317543418, -5.470895306784655 ] ] ] } },
{ "type": "Feature", "properties": { "cell_id": 72, "kekayaan_spesies": null, "total_individu": null, "jumlah_lokasi": null }, "geometry": { "type": "Polygon", "coordinates": [ [ [ 104.908197324718742, -4.571094682200645 ], [ 104.911783366286102, -3.672146398472945 ], [ 104.005900249517964, -3.668467123104007 ], [ 104.002066010695856, -4.567411357380917 ], [ 104.908197324718742, -4.571094682200645 ] ] ] } },
{ "type": "Feature", "properties": { "cell_id": 73, "kekayaan_spesies": 13.0, "total_individu": 46.0, "jumlah_lokasi": 1.0 }, "geometry": { "type": "Polygon", "coordinates": [ [ [ 104.911783366286102, -3.672146398472945 ], [ 104.915367443860305, -2.773832463541199 ], [ 104.00973238841965, -2.770156346710201 ], [ 104.005900249517964, -3.668467123104007 ], [ 104.911783366286102, -3.672146398472945 ] ] ] } },
{ "type": "Feature", "properties": { "cell_id": 74, "kekayaan_spesies": 31.0, "total_individu": 2358.0, "jumlah_lokasi": 4.0 }, "geometry": { "type": "Polygon", "coordinates": [ [ [ 104.915367443860305, -2.773832463541199 ], [ 104.918949559054326, -1.875936486399865 ], [ 104.013562429125514, -1.872262643474419 ], [ 104.00973238841965, -2.770156346710201 ], [ 104.915367443860305, -2.773832463541199 ] ] ] } },
{ "type": "Feature", "properties": { "cell_id": 75, "kekayaan_spesies": null, "total_individu": null, "jumlah_lokasi": null }, "geometry": { "type": "Polygon", "coordinates": [ [ [ 104.918949559054326, -1.875936486399865 ], [ 104.92252971347942, -0.978243191680941 ], [ 104.01739037335831, -0.974570742333546 ], [ 104.013562429125514, -1.872262643474419 ], [ 104.918949559054326, -1.875936486399865 ] ] ] } },
{ "type": "Feature", "properties": { "cell_id": 76, "kekayaan_spesies": null, "total_individu": null, "jumlah_lokasi": null }, "geometry": { "type": "Polygon", "coordinates": [ [ [ 104.92252971347942, -0.978243191680941 ], [ 104.926107908745024, -0.08053794128727 ], [ 104.021216222838916, -0.076866007543801 ], [ 104.01739037335831, -0.974570742333546 ], [ 104.92252971347942, -0.978243191680941 ] ] ] } },
{ "type": "Feature", "properties": { "cell_id": 77, "kekayaan_spesies": null, "total_individu": null, "jumlah_lokasi": null }, "geometry": { "type": "Polygon", "coordinates": [ [ [ 104.926107908745024, -0.08053794128727 ], [ 104.929684146458911, 0.817393739865553 ], [ 104.025039979286262, 0.821066035563057 ], [ 104.021216222838916, -0.076866007543801 ], [ 104.926107908745024, -0.08053794128727 ] ] ] } },
{ "type": "Feature", "properties": { "cell_id": 78, "kekayaan_spesies": 8.0, "total_individu": 211.0, "jumlah_lokasi": 1.0 }, "geometry": { "type": "Polygon", "coordinates": [ [ [ 104.929684146458911, 0.817393739865553 ], [ 104.933258428226964, 1.715766636917901 ], [ 104.028861644417489, 1.719440173647924 ], [ 104.025039979286262, 0.821066035563057 ], [ 104.929684146458911, 0.817393739865553 ] ] ] } },
{ "type": "Feature", "properties": { "cell_id": 79, "kekayaan_spesies": null, "total_individu": null, "jumlah_lokasi": null }, "geometry": { "type": "Polygon", "coordinates": [ [ [ 105.804306092832476, -7.277389888939105 ], [ 105.807649428747425, -6.375215381295234 ], [ 104.901019343143631, -6.371768360855937 ], [ 104.897427399901034, -7.273936538377737 ], [ 105.804306092832476, -7.277389888939105 ] ] ] } },
{ "type": "Feature", "properties": { "cell_id": 80, "kekayaan_spesies": null, "total_individu": null, "jumlah_lokasi": null }, "geometry": { "type": "Polygon", "coordinates": [ [ [ 105.807649428747425, -6.375215381295234 ], [ 105.810990932084252, -5.474336857522797 ], [ 104.904609317543418, -5.470895306784655 ], [ 104.901019343143631, -6.371768360855937 ], [ 105.807649428747425, -6.375215381295234 ] ] ] } },
{ "type": "Feature", "properties": { "cell_id": 81, "kekayaan_spesies": null, "total_individu": null, "jumlah_lokasi": null }, "geometry": { "type": "Polygon", "coordinates": [ [ [ 105.810990932084252, -5.474336857522797 ], [ 105.814330604349266, -4.574531611997734 ], [ 104.908197324718742, -4.571094682200645 ], [ 104.904609317543418, -5.470895306784655 ], [ 105.810990932084252, -5.474336857522797 ] ] ] } },
{ "type": "Feature", "properties": { "cell_id": 82, "kekayaan_spesies": null, "total_individu": null, "jumlah_lokasi": null }, "geometry": { "type": "Polygon", "coordinates": [ [ [ 105.814330604349266, -4.574531611997734 ], [ 105.817668447047126, -3.675579546416288 ], [ 104.911783366286102, -3.672146398472945 ], [ 104.908197324718742, -4.571094682200645 ], [ 105.814330604349266, -4.574531611997734 ] ] ] } },
{ "type": "Feature", "properties": { "cell_id": 83, "kekayaan_spesies": null, "total_individu": null, "jumlah_lokasi": null }, "geometry": { "type": "Polygon", "coordinates": [ [ [ 105.817668447047126, -3.675579546416288 ], [ 105.821004461680829, -2.777262660970889 ], [ 104.915367443860305, -2.773832463541199 ], [ 104.911783366286102, -3.672146398472945 ], [ 105.817668447047126, -3.675579546416288 ] ] ] } },
{ "type": "Feature", "properties": { "cell_id": 84, "kekayaan_spesies": null, "total_individu": null, "jumlah_lokasi": null }, "geometry": { "type": "Polygon", "coordinates": [ [ [ 105.821004461680829, -2.777262660970889 ], [ 105.82433864975178, -1.879364558786943 ], [ 104.918949559054326, -1.875936486399865 ], [ 104.915367443860305, -2.773832463541199 ], [ 105.821004461680829, -2.777262660970889 ] ] ] } },
{ "type": "Feature", "properties": { "cell_id": 85, "kekayaan_spesies": null, "total_individu": null, "jumlah_lokasi": null }, "geometry": { "type": "Polygon", "coordinates": [ [ [ 105.82433864975178, -1.879364558786943 ], [ 105.82767101275968, -0.981669960474686 ], [ 104.92252971347942, -0.978243191680941 ], [ 104.918949559054326, -1.875936486399865 ], [ 105.82433864975178, -1.879364558786943 ] ] ] } },
{ "type": "Feature", "properties": { "cell_id": 86, "kekayaan_spesies": null, "total_individu": null, "jumlah_lokasi": null }, "geometry": { "type": "Polygon", "coordinates": [ [ [ 105.82767101275968, -0.981669960474686 ], [ 105.831001552202622, -0.083964225733188 ], [ 104.926107908745024, -0.08053794128727 ], [ 104.92252971347942, -0.978243191680941 ], [ 105.82767101275968, -0.981669960474686 ] ] ] } },
{ "type": "Feature", "properties": { "cell_id": 87, "kekayaan_spesies": null, "total_individu": null, "jumlah_lokasi": null }, "geometry": { "type": "Polygon", "coordinates": [ [ [ 105.84098224409793, 2.611366567849196 ], [ 105.844305504229112, 3.511267063872678 ], [ 104.940401130340732, 3.514699622635462 ], [ 104.936830755653432, 2.614796319811358 ], [ 105.84098224409793, 2.611366567849196 ] ] ] } },
{ "type": "Feature", "properties": { "cell_id": 88, "kekayaan_spesies": null, "total_individu": null, "jumlah_lokasi": null }, "geometry": { "type": "Polygon", "coordinates": [ [ [ 106.708090195062738, -8.184298693193199 ], [ 106.711186619849741, -7.280595672534001 ], [ 105.804306092832476, -7.277389888939105 ], [ 105.800960922831422, -8.181086218825547 ], [ 106.708090195062738, -8.184298693193199 ] ] ] } },
{ "type": "Feature", "properties": { "cell_id": 89, "kekayaan_spesies": null, "total_individu": null, "jumlah_lokasi": null }, "geometry": { "type": "Polygon", "coordinates": [ [ [ 106.711186619849741, -7.280595672534001 ], [ 106.714281346929084, -6.378415285636278 ], [ 105.807649428747425, -6.375215381295234 ], [ 105.804306092832476, -7.277389888939105 ], [ 106.711186619849741, -7.280595672534001 ] ] ] } },
{ "type": "Feature", "properties": { "cell_id": 90, "kekayaan_spesies": 21.0, "total_individu": 226.0, "jumlah_lokasi": 8.0 }, "geometry": { "type": "Polygon", "coordinates": [ [ [ 106.714281346929084, -6.378415285636278 ], [ 106.717374377696629, -5.477531681387829 ], [ 105.810990932084252, -5.474336857522797 ], [ 105.807649428747425, -6.375215381295234 ], [ 106.714281346929084, -6.378415285636278 ] ] ] } },
{ "type": "Feature", "properties": { "cell_id": 91, "kekayaan_spesies": null, "total_individu": null, "jumlah_lokasi": null }, "geometry": { "type": "Polygon", "coordinates": [ [ [ 106.717374377696629, -5.477531681387829 ], [ 106.720465713546673, -4.577722143332825 ], [ 105.814330604349266, -4.574531611997734 ], [ 105.810990932084252, -5.474336857522797 ], [ 106.717374377696629, -5.477531681387829 ] ] ] } },
{ "type": "Feature", "properties": { "cell_id": 92, "kekayaan_spesies": null, "total_individu": null, "jumlah_lokasi": null }, "geometry": { "type": "Polygon", "coordinates": [ [ [ 106.720465713546673, -4.577722143332825 ], [ 106.723555355871994, -3.678766564180979 ], [ 105.817668447047126, -3.675579546416288 ], [ 105.814330604349266, -4.574531611997734 ], [ 106.720465713546673, -4.577722143332825 ] ] ] } },
{ "type": "Feature", "properties": { "cell_id": 93, "kekayaan_spesies": null, "total_individu": null, "jumlah_lokasi": null }, "geometry": { "type": "Polygon", "coordinates": [ [ [ 106.723555355871994, -3.678766564180979 ], [ 106.726643306063878, -2.780446936925813 ], [ 105.821004461680829, -2.777262660970889 ], [ 105.817668447047126, -3.675579546416288 ], [ 106.723555355871994, -3.678766564180979 ] ] ] } },
{ "type": "Feature", "properties": { "cell_id": 94, "kekayaan_spesies": null, "total_individu": null, "jumlah_lokasi": null }, "geometry": { "type": "Polygon", "coordinates": [ [ [ 106.726643306063878, -2.780446936925813 ], [ 106.729729565512017, -1.882546859241094 ], [ 105.82433864975178, -1.879364558786943 ], [ 105.821004461680829, -2.777262660970889 ], [ 106.726643306063878, -2.780446936925813 ] ] ] } },
{ "type": "Feature", "properties": { "cell_id": 95, "kekayaan_spesies": null, "total_individu": null, "jumlah_lokasi": null }, "geometry": { "type": "Polygon", "coordinates": [ [ [ 106.729729565512017, -1.882546859241094 ], [ 106.732814135604642, -0.984851047993845 ], [ 105.82767101275968, -0.981669960474686 ], [ 105.82433864975178, -1.879364558786943 ], [ 106.729729565512017, -1.882546859241094 ] ] ] } },
{ "type": "Feature", "properties": { "cell_id": 96, "kekayaan_spesies": null, "total_individu": null, "jumlah_lokasi": null }, "geometry": { "type": "Polygon", "coordinates": [ [ [ 106.745135550131153, 2.608182722257992 ], [ 106.748211694216309, 3.508080615551459 ], [ 105.844305504229112, 3.511267063872678 ], [ 105.84098224409793, 2.611366567849196 ], [ 106.745135550131153, 2.608182722257992 ] ] ] } },
{ "type": "Feature", "properties": { "cell_id": 97, "kekayaan_spesies": null, "total_individu": null, "jumlah_lokasi": null }, "geometry": { "type": "Polygon", "coordinates": [ [ [ 107.615221166398811, -8.187263081272173 ], [ 107.618068844574395, -7.283553884002656 ], [ 106.711186619849741, -7.280595672534001 ], [ 106.708090195062738, -8.184298693193199 ], [ 107.615221166398811, -8.187263081272173 ] ] ] } },
{ "type": "Feature", "properties": { "cell_id": 98, "kekayaan_spesies": 5.0, "total_individu": 89.0, "jumlah_lokasi": 1.0 }, "geometry": { "type": "Polygon", "coordinates": [ [ [ 107.618068844574395, -7.283553884002656 ], [ 107.620914961422301, -6.381368069383983 ], [ 106.714281346929084, -6.378415285636278 ], [ 106.711186619849741, -7.280595672534001 ], [ 107.618068844574395, -7.283553884002656 ] ] ] } },
{ "type": "Feature", "properties": { "cell_id": 99, "kekayaan_spesies": 75.0, "total_individu": 2739.0, "jumlah_lokasi": 8.0 }, "geometry": { "type": "Polygon", "coordinates": [ [ [ 107.620914961422301, -6.381368069383983 ], [ 107.623759518226251, -5.480479774537426 ], [ 106.717374377696629, -5.477531681387829 ], [ 106.714281346929084, -6.378415285636278 ], [ 107.620914961422301, -6.381368069383983 ] ] ] } },
{ "type": "Feature", "properties": { "cell_id": 100, "kekayaan_spesies": null, "total_individu": null, "jumlah_lokasi": null }, "geometry": { "type": "Polygon", "coordinates": [ [ [ 107.629443956830087, -3.681707449207088 ], [ 107.632283841190372, -2.783385289480268 ], [ 106.726643306063878, -2.780446936925813 ], [ 106.723555355871994, -3.678766564180979 ], [ 107.629443956830087, -3.681707449207088 ] ] ] } },
{ "type": "Feature", "properties": { "cell_id": 101, "kekayaan_spesies": null, "total_individu": null, "jumlah_lokasi": null }, "geometry": { "type": "Polygon", "coordinates": [ [ [ 107.632283841190372, -2.783385289480268 ], [ 107.635122170627497, -1.885483386462699 ], [ 106.729729565512017, -1.882546859241094 ], [ 106.726643306063878, -2.780446936925813 ], [ 107.632283841190372, -2.783385289480268 ] ] ] } },
{ "type": "Feature", "properties": { "cell_id": 102, "kekayaan_spesies": null, "total_individu": null, "jumlah_lokasi": null }, "geometry": { "type": "Polygon", "coordinates": [ [ [ 107.64362784215993, 0.807850910825993 ], [ 107.646459964657438, 1.706220599750112 ], [ 106.742057723608809, 1.709156851216995 ], [ 106.738978213268609, 0.810786178095195 ], [ 107.64362784215993, 0.807850910825993 ] ] ] } },
{ "type": "Feature", "properties": { "cell_id": 103, "kekayaan_spesies": 13.0, "total_individu": 226.0, "jumlah_lokasi": 1.0 }, "geometry": { "type": "Polygon", "coordinates": [ [ [ 108.522353700347452, -8.189979377676393 ], [ 108.524952630626501, -7.286264518583585 ], [ 107.618068844574395, -7.283553884002656 ], [ 107.615221166398811, -8.187263081272173 ], [ 108.522353700347452, -8.189979377676393 ] ] ] } },
{ "type": "Feature", "properties": { "cell_id": 104, "kekayaan_spesies": null, "total_individu": null, "jumlah_lokasi": null }, "geometry": { "type": "Polygon", "coordinates": [ [ [ 108.524952630626501, -7.286264518583585 ], [ 108.527550135959245, -6.384073728387053 ], [ 107.620914961422301, -6.381368069383983 ], [ 107.618068844574395, -7.283553884002656 ], [ 108.524952630626501, -7.286264518583585 ] ] ] } },
{ "type": "Feature", "properties": { "cell_id": 105, "kekayaan_spesies": null, "total_individu": null, "jumlah_lokasi": null }, "geometry": { "type": "Polygon", "coordinates": [ [ [ 108.527550135959245, -6.384073728387053 ], [ 108.530146217517299, -5.483181133424019 ], [ 107.623759518226251, -5.480479774537426 ], [ 107.620914961422301, -6.381368069383983 ], [ 108.527550135959245, -6.384073728387053 ] ] ] } },
{ "type": "Feature", "properties": { "cell_id": 106, "kekayaan_spesies": null, "total_individu": null, "jumlah_lokasi": null }, "geometry": { "type": "Polygon", "coordinates": [ [ [ 108.53533411398918, -3.68440219913028 ], [ 108.537925931239783, -2.786077716851591 ], [ 107.632283841190372, -2.783385289480268 ], [ 107.629443956830087, -3.681707449207088 ], [ 108.53533411398918, -3.68440219913028 ] ] ] } },
{ "type": "Feature", "properties": { "cell_id": 107, "kekayaan_spesies": null, "total_individu": null, "jumlah_lokasi": null }, "geometry": { "type": "Polygon", "coordinates": [ [ [ 108.537925931239783, -2.786077716851591 ], [ 108.540516329389206, -1.888174139249661 ], [ 107.635122170627497, -1.885483386462699 ], [ 107.632283841190372, -2.783385289480268 ], [ 108.537925931239783, -2.786077716851591 ] ] ] } },
{ "type": "Feature", "properties": { "cell_id": 108, "kekayaan_spesies": null, "total_individu": null, "jumlah_lokasi": null }, "geometry": { "type": "Polygon", "coordinates": [ [ [ 108.553447074355162, 2.602552743019023 ], [ 108.556028982321678, 3.502446040583815 ], [ 107.65211956526133, 3.505140275211183 ], [ 107.649290538601335, 2.605244781209319 ], [ 108.553447074355162, 2.602552743019023 ] ] ] } },
{ "type": "Feature", "properties": { "cell_id": 109, "kekayaan_spesies": null, "total_individu": null, "jumlah_lokasi": null }, "geometry": { "type": "Polygon", "coordinates": [ [ [ 108.556028982321678, 3.502446040583815 ], [ 108.55860947931653, 4.403428560814429 ], [ 107.654947045905786, 4.406125647599858 ], [ 107.65211956526133, 3.505140275211183 ], [ 108.556028982321678, 3.502446040583815 ] ] ] } },
{ "type": "Feature", "properties": { "cell_id": 110, "kekayaan_spesies": null, "total_individu": null, "jumlah_lokasi": null }, "geometry": { "type": "Polygon", "coordinates": [ [ [ 108.55860947931653, 4.403428560814429 ], [ 108.561188566496057, 5.305721105845695 ], [ 107.657772981801642, 5.308421707434501 ], [ 107.654947045905786, 4.406125647599858 ], [ 108.55860947931653, 4.403428560814429 ] ] ] } },
{ "type": "Feature", "properties": { "cell_id": 111, "kekayaan_spesies": 72.0, "total_individu": 11993.0, "jumlah_lokasi": 3.0 }, "geometry": { "type": "Polygon", "coordinates": [ [ [ 109.429487660415035, -8.192447577468052 ], [ 109.43183784162467, -7.28872757190808 ], [ 108.524952630626501, -7.286264518583585 ], [ 108.522353700347452, -8.189979377676393 ], [ 109.429487660415035, -8.192447577468052 ] ] ] } },
{ "type": "Feature", "properties": { "cell_id": 112, "kekayaan_spesies": null, "total_individu": null, "jumlah_lokasi": null }, "geometry": { "type": "Polygon", "coordinates": [ [ [ 109.43183784162467, -7.28872757190808 ], [ 109.434186734270682, -6.386532258838391 ], [ 108.527550135959245, -6.384073728387053 ], [ 108.524952630626501, -7.286264518583585 ], [ 109.43183784162467, -7.28872757190808 ] ] ] } },
{ "type": "Feature", "properties": { "cell_id": 113, "kekayaan_spesies": 17.0, "total_individu": 117.0, "jumlah_lokasi": 2.0 }, "geometry": { "type": "Polygon", "coordinates": [ [ [ 109.445911906086721, -1.890619116497333 ], [ 109.448253089558946, -0.992920216408599 ], [ 108.543105309602609, -0.990476176560841 ], [ 108.540516329389206, -1.888174139249661 ], [ 109.445911906086721, -1.890619116497333 ] ] ] } },
{ "type": "Feature", "properties": { "cell_id": 114, "kekayaan_spesies": null, "total_individu": null, "jumlah_lokasi": null }, "geometry": { "type": "Polygon", "coordinates": [ [ [ 109.448253089558946, -0.992920216408599 ], [ 109.450592991859423, -0.09521286955731 ], [ 108.545692873043919, -0.092769182793377 ], [ 108.543105309602609, -0.990476176560841 ], [ 109.448253089558946, -0.992920216408599 ] ] ] } },
{ "type": "Feature", "properties": { "cell_id": 115, "kekayaan_spesies": null, "total_individu": null, "jumlah_lokasi": null }, "geometry": { "type": "Polygon", "coordinates": [ [ [ 109.450592991859423, -0.09521286955731 ], [ 109.452931614039457, 0.802717400884599 ], [ 108.548279020875739, 0.805161318582317 ], [ 108.545692873043919, -0.092769182793377 ], [ 109.450592991859423, -0.09521286955731 ] ] ] } },
{ "type": "Feature", "properties": { "cell_id": 116, "kekayaan_spesies": null, "total_individu": null, "jumlah_lokasi": null }, "geometry": { "type": "Polygon", "coordinates": [ [ [ 109.452931614039457, 0.802717400884599 ], [ 109.4552689571493, 1.701085374062232 ], [ 108.550863754259467, 1.703530107701146 ], [ 108.548279020875739, 0.805161318582317 ], [ 109.452931614039457, 0.802717400884599 ] ] ] } },
{ "type": "Feature", "properties": { "cell_id": 117, "kekayaan_spesies": null, "total_individu": null, "jumlah_lokasi": null }, "geometry": { "type": "Polygon", "coordinates": [ [ [ 109.4552689571493, 1.701085374062232 ], [ 109.457605022237985, 2.600106606147259 ], [ 108.553447074355162, 2.602552743019023 ], [ 108.550863754259467, 1.703530107701146 ], [ 109.4552689571493, 1.701085374062232 ] ] ] } },
{ "type": "Feature", "properties": { "cell_id": 118, "kekayaan_spesies": null, "total_individu": null, "jumlah_lokasi": null }, "geometry": { "type": "Polygon", "coordinates": [ [ [ 109.457605022237985, 2.600106606147259 ], [ 109.459939810353433, 3.499997909595 ], [ 108.556028982321678, 3.502446040583815 ], [ 108.553447074355162, 2.602552743019023 ], [ 109.457605022237985, 2.600106606147259 ] ] ] } },
{ "type": "Feature", "properties": { "cell_id": 119, "kekayaan_spesies": 38.0, "total_individu": 964.0, "jumlah_lokasi": 8.0 }, "geometry": { "type": "Polygon", "coordinates": [ [ [ 110.336622910106655, -8.194667676156907 ], [ 110.33872434118625, -7.290943040004599 ], [ 109.43183784162467, -7.28872757190808 ], [ 109.429487660415035, -8.192447577468052 ], [ 110.336622910106655, -8.194667676156907 ] ] ] } },
{ "type": "Feature", "properties": { "cell_id": 120, "kekayaan_spesies": 59.0, "total_individu": 1244.0, "jumlah_lokasi": 3.0 }, "geometry": { "type": "Polygon", "coordinates": [ [ [ 110.33872434118625, -7.290943040004599 ], [ 110.340824620086082, -6.388743657276734 ], [ 109.434186734270682, -6.386532258838391 ], [ 109.43183784162467, -7.28872757190808 ], [ 110.33872434118625, -7.290943040004599 ] ] ] } },
{ "type": "Feature", "properties": { "cell_id": 121, "kekayaan_spesies": null, "total_individu": null, "jumlah_lokasi": null }, "geometry": { "type": "Polygon", "coordinates": [ [ [ 110.347118553174838, -3.689053285182028 ], [ 110.349214232818355, -2.7907247896508 ], [ 109.443569440390206, -2.788524217404229 ], [ 109.441225691415724, -3.686850811780301 ], [ 110.347118553174838, -3.689053285182028 ] ] ] } },
{ "type": "Feature", "properties": { "cell_id": 122, "kekayaan_spesies": null, "total_individu": null, "jumlah_lokasi": null }, "geometry": { "type": "Polygon", "coordinates": [ [ [ 110.349214232818355, -2.7907247896508 ], [ 110.351308765008326, -1.892818317199954 ], [ 109.445911906086721, -1.890619116497333 ], [ 109.443569440390206, -2.788524217404229 ], [ 110.349214232818355, -2.7907247896508 ] ] ] } },
{ "type": "Feature", "properties": { "cell_id": 123, "kekayaan_spesies": null, "total_individu": null, "jumlah_lokasi": null }, "geometry": { "type": "Polygon", "coordinates": [ [ [ 110.351308765008326, -1.892818317199954 ], [ 110.353402150686875, -0.995118572581501 ], [ 109.448253089558946, -0.992920216408599 ], [ 109.445911906086721, -1.890619116497333 ], [ 110.351308765008326, -1.892818317199954 ] ] ] } },
{ "type": "Feature", "properties": { "cell_id": 124, "kekayaan_spesies": null, "total_individu": null, "jumlah_lokasi": null }, "geometry": { "type": "Polygon", "coordinates": [ [ [ 110.353402150686875, -0.995118572581501 ], [ 110.35549439079513, -0.097410906781541 ], [ 109.450592991859423, -0.09521286955731 ], [ 109.448253089558946, -0.992920216408599 ], [ 110.353402150686875, -0.995118572581501 ] ] ] } },
{ "type": "Feature", "properties": { "cell_id": 125, "kekayaan_spesies": null, "total_individu": null, "jumlah_lokasi": null }, "geometry": { "type": "Polygon", "coordinates": [ [ [ 110.35549439079513, -0.097410906781541 ], [ 110.357585486273194, 0.800519157298905 ], [ 109.452931614039457, 0.802717400884599 ], [ 109.450592991859423, -0.09521286955731 ], [ 110.35549439079513, -0.097410906781541 ] ] ] } },
{ "type": "Feature", "properties": { "cell_id": 126, "kekayaan_spesies": null, "total_individu": null, "jumlah_lokasi": null }, "geometry": { "type": "Polygon", "coordinates": [ [ [ 110.357585486273194, 0.800519157298905 ], [ 110.359675438060094, 1.698886397918566 ], [ 109.4552689571493, 1.701085374062232 ], [ 109.452931614039457, 0.802717400884599 ], [ 110.357585486273194, 0.800519157298905 ] ] ] } },
{ "type": "Feature", "properties": { "cell_id": 127, "kekayaan_spesies": null, "total_individu": null, "jumlah_lokasi": null }, "geometry": { "type": "Polygon", "coordinates": [ [ [ 110.359675438060094, 1.698886397918566 ], [ 110.361764247093859, 2.597906369197678 ], [ 109.457605022237985, 2.600106606147259 ], [ 109.4552689571493, 1.701085374062232 ], [ 110.359675438060094, 1.698886397918566 ] ] ] } },
{ "type": "Feature", "properties": { "cell_id": 128, "kekayaan_spesies": null, "total_individu": null, "jumlah_lokasi": null }, "geometry": { "type": "Polygon", "coordinates": [ [ [ 111.241905616294034, -9.102123759867229 ], [ 111.243759312926258, -8.19663966970317 ], [ 110.336622910106655, -8.194667676156907 ], [ 110.334520325898922, -9.100147144743765 ], [ 111.241905616294034, -9.102123759867229 ] ] ] } },
{ "type": "Feature", "properties": { "cell_id": 129, "kekayaan_spesies": null, "total_individu": null, "jumlah_lokasi": null }, "geometry": { "type": "Polygon", "coordinates": [ [ [ 111.243759312926258, -8.19663966970317 ], [ 111.245611992927465, -7.292910919300843 ], [ 110.33872434118625, -7.290943040004599 ], [ 110.336622910106655, -8.194667676156907 ], [ 111.243759312926258, -8.19663966970317 ] ] ] } },
{ "type": "Feature", "properties": { "cell_id": 130, "kekayaan_spesies": 20.0, "total_individu": 152.0, "jumlah_lokasi": 1.0 }, "geometry": { "type": "Polygon", "coordinates": [ [ [ 111.245611992927465, -7.292910919300843 ], [ 111.247463657133764, -6.390707920586723 ], [ 110.340824620086082, -6.388743657276734 ], [ 110.33872434118625, -7.290943040004599 ], [ 111.245611992927465, -7.292910919300843 ] ] ] } },
{ "type": "Feature", "properties": { "cell_id": 131, "kekayaan_spesies": null, "total_individu": null, "jumlah_lokasi": null }, "geometry": { "type": "Polygon", "coordinates": [ [ [ 111.247463657133764, -6.390707920586723 ], [ 111.249314306380356, -5.489804773433082 ], [ 110.342923747753431, -5.487843635683415 ], [ 110.340824620086082, -6.388743657276734 ], [ 111.247463657133764, -6.390707920586723 ] ] ] } },
{ "type": "Feature", "properties": { "cell_id": 132, "kekayaan_spesies": 23.0, "total_individu": 1271.0, "jumlah_lokasi": 1.0 }, "geometry": { "type": "Polygon", "coordinates": [ [ [ 111.253012563330515, -3.691009617559164 ], [ 111.254860172699892, -2.792679432249594 ], [ 110.349214232818355, -2.7907247896508 ], [ 110.347118553174838, -3.689053285182028 ], [ 111.253012563330515, -3.691009617559164 ] ] ] } },
{ "type": "Feature", "properties": { "cell_id": 133, "kekayaan_spesies": null, "total_individu": null, "jumlah_lokasi": null }, "geometry": { "type": "Polygon", "coordinates": [ [ [ 111.254860172699892, -2.792679432249594 ], [ 111.256706770441156, -1.894771740451834 ], [ 110.351308765008326, -1.892818317199954 ], [ 110.349214232818355, -2.7907247896508 ], [ 111.254860172699892, -2.792679432249594 ] ] ] } },
{ "type": "Feature", "properties": { "cell_id": 134, "kekayaan_spesies": null, "total_individu": null, "jumlah_lokasi": null }, "geometry": { "type": "Polygon", "coordinates": [ [ [ 111.256706770441156, -1.894771740451834 ], [ 111.258552357384929, -0.997071244605249 ], [ 110.353402150686875, -0.995118572581501 ], [ 110.351308765008326, -1.892818317199954 ], [ 111.256706770441156, -1.894771740451834 ] ] ] } },
{ "type": "Feature", "properties": { "cell_id": 135, "kekayaan_spesies": null, "total_individu": null, "jumlah_lokasi": null }, "geometry": { "type": "Polygon", "coordinates": [ [ [ 111.258552357384929, -0.997071244605249 ], [ 111.260396934360912, -0.099363294423283 ], [ 110.35549439079513, -0.097410906781541 ], [ 110.353402150686875, -0.995118572581501 ], [ 111.258552357384929, -0.997071244605249 ] ] ] } },
{ "type": "Feature", "properties": { "cell_id": 136, "kekayaan_spesies": null, "total_individu": null, "jumlah_lokasi": null }, "geometry": { "type": "Polygon", "coordinates": [ [ [ 111.260396934360912, -0.099363294423283 ], [ 111.262240502197912, 0.79856658743693 ], [ 110.357585486273194, 0.800519157298905 ], [ 110.35549439079513, -0.097410906781541 ], [ 111.260396934360912, -0.099363294423283 ] ] ] } },
{ "type": "Feature", "properties": { "cell_id": 137, "kekayaan_spesies": null, "total_individu": null, "jumlah_lokasi": null }, "geometry": { "type": "Polygon", "coordinates": [ [ [ 111.262240502197912, 0.79856658743693 ], [ 111.264083061723838, 1.69693317844968 ], [ 110.359675438060094, 1.698886397918566 ], [ 110.357585486273194, 0.800519157298905 ], [ 111.262240502197912, 0.79856658743693 ] ] ] } },
{ "type": "Feature", "properties": { "cell_id": 138, "kekayaan_spesies": null, "total_individu": null, "jumlah_lokasi": null }, "geometry": { "type": "Polygon", "coordinates": [ [ [ 112.149291924157012, -9.103851685687108 ], [ 112.150896732376694, -8.198363554515772 ], [ 111.243759312926258, -8.19663966970317 ], [ 111.241905616294034, -9.102123759867229 ], [ 112.149291924157012, -9.103851685687108 ] ] ] } },
{ "type": "Feature", "properties": { "cell_id": 139, "kekayaan_spesies": null, "total_individu": null, "jumlah_lokasi": null }, "geometry": { "type": "Polygon", "coordinates": [ [ [ 112.150896732376694, -8.198363554515772 ], [ 112.152500660463417, -7.294631206619179 ], [ 111.245611992927465, -7.292910919300843 ], [ 111.243759312926258, -8.19663966970317 ], [ 112.150896732376694, -8.198363554515772 ] ] ] } },
{ "type": "Feature", "properties": { "cell_id": 140, "kekayaan_spesies": null, "total_individu": null, "jumlah_lokasi": null }, "geometry": { "type": "Polygon", "coordinates": [ [ [ 112.152500660463417, -7.294631206619179 ], [ 112.154103709141026, -6.392425045999618 ], [ 111.247463657133764, -6.390707920586723 ], [ 111.245611992927465, -7.292910919300843 ], [ 112.152500660463417, -7.294631206619179 ] ] ] } },
{ "type": "Feature", "properties": { "cell_id": 141, "kekayaan_spesies": null, "total_individu": null, "jumlah_lokasi": null }, "geometry": { "type": "Polygon", "coordinates": [ [ [ 112.15890758594567, -3.692719807331169 ], [ 112.160507124209403, -2.794388144008606 ], [ 111.254860172699892, -2.792679432249594 ], [ 111.253012563330515, -3.691009617559164 ], [ 112.15890758594567, -3.692719807331169 ] ] ] } },
{ "type": "Feature", "properties": { "cell_id": 142, "kekayaan_spesies": null, "total_individu": null, "jumlah_lokasi": null }, "geometry": { "type": "Polygon", "coordinates": [ [ [ 112.160507124209403, -2.794388144008606 ], [ 112.162105786671347, -1.896479385445077 ], [ 111.256706770441156, -1.894771740451834 ], [ 111.254860172699892, -2.792679432249594 ], [ 112.160507124209403, -2.794388144008606 ] ] ] } },
{ "type": "Feature", "properties": { "cell_id": 143, "kekayaan_spesies": null, "total_individu": null, "jumlah_lokasi": null }, "geometry": { "type": "Polygon", "coordinates": [ [ [ 112.162105786671347, -1.896479385445077 ], [ 112.163703574050615, -0.998778232057805 ], [ 111.258552357384929, -0.997071244605249 ], [ 111.256706770441156, -1.894771740451834 ], [ 112.162105786671347, -1.896479385445077 ] ] ] } },
{ "type": "Feature", "properties": { "cell_id": 144, "kekayaan_spesies": null, "total_individu": null, "jumlah_lokasi": null }, "geometry": { "type": "Polygon", "coordinates": [ [ [ 112.163703574050615, -0.998778232057805 ], [ 112.165300487065494, -0.101070032443226 ], [ 111.260396934360912, -0.099363294423283 ], [ 111.258552357384929, -0.997071244605249 ], [ 112.163703574050615, -0.998778232057805 ] ] ] } },
{ "type": "Feature", "properties": { "cell_id": 145, "kekayaan_spesies": null, "total_individu": null, "jumlah_lokasi": null }, "geometry": { "type": "Polygon", "coordinates": [ [ [ 112.165300487065494, -0.101070032443226 ], [ 112.166896526433561, 0.79685969095566 ], [ 111.262240502197912, 0.79856658743693 ], [ 111.260396934360912, -0.099363294423283 ], [ 112.165300487065494, -0.101070032443226 ] ] ] } },
{ "type": "Feature", "properties": { "cell_id": 146, "kekayaan_spesies": null, "total_individu": null, "jumlah_lokasi": null }, "geometry": { "type": "Polygon", "coordinates": [ [ [ 112.166896526433561, 0.79685969095566 ], [ 112.168491692871513, 1.695225714928332 ], [ 111.264083061723838, 1.69693317844968 ], [ 111.262240502197912, 0.79856658743693 ], [ 112.166896526433561, 0.79685969095566 ] ] ] } },
{ "type": "Feature", "properties": { "cell_id": 147, "kekayaan_spesies": null, "total_individu": null, "jumlah_lokasi": null }, "geometry": { "type": "Polygon", "coordinates": [ [ [ 113.056679112877461, -9.105330918693662 ], [ 113.058035031959975, -8.199839327455139 ], [ 112.150896732376694, -8.198363554515772 ], [ 112.149291924157012, -9.103851685687108 ], [ 113.056679112877461, -9.105330918693662 ] ] ] } },
{ "type": "Feature", "properties": { "cell_id": 148, "kekayaan_spesies": 57.0, "total_individu": 1053.0, "jumlah_lokasi": 2.0 }, "geometry": { "type": "Polygon", "coordinates": [ [ [ 113.058035031959975, -8.199839327455139 ], [ 113.05939020740837, -7.296103899183227 ], [ 112.152500660463417, -7.294631206619179 ], [ 112.150896732376694, -8.198363554515772 ], [ 113.058035031959975, -8.199839327455139 ] ] ] } },
{ "type": "Feature", "properties": { "cell_id": 149, "kekayaan_spesies": 38.0, "total_individu": 614.0, "jumlah_lokasi": 3.0 }, "geometry": { "type": "Polygon", "coordinates": [ [ [ 113.05939020740837, -7.296103899183227 ], [ 113.060744639834226, -6.393895031093462 ], [ 112.154103709141026, -6.392425045999618 ], [ 112.152500660463417, -7.294631206619179 ], [ 113.05939020740837, -7.296103899183227 ] ] ] } },
{ "type": "Feature", "properties": { "cell_id": 150, "kekayaan_spesies": null, "total_individu": null, "jumlah_lokasi": null }, "geometry": { "type": "Polygon", "coordinates": [ [ [ 113.060744639834226, -6.393895031093462 ], [ 113.062098329848453, -5.492986810333139 ], [ 112.155705879132569, -5.491519165673076 ], [ 112.154103709141026, -6.392425045999618 ], [ 113.060744639834226, -6.393895031093462 ] ] ] } },
{ "type": "Feature", "properties": { "cell_id": 151, "kekayaan_spesies": null, "total_individu": null, "jumlah_lokasi": null }, "geometry": { "type": "Polygon", "coordinates": [ [ [ 113.064803485082379, -3.694183853114673 ], [ 113.066154951520545, -2.795850923884709 ], [ 112.160507124209403, -2.794388144008606 ], [ 112.15890758594567, -3.692719807331169 ], [ 113.064803485082379, -3.694183853114673 ] ] ] } },
{ "type": "Feature", "properties": { "cell_id": 152, "kekayaan_spesies": null, "total_individu": null, "jumlah_lokasi": null }, "geometry": { "type": "Polygon", "coordinates": [ [ [ 113.066154951520545, -2.795850923884709 ], [ 113.067505677984073, -1.897941251474158 ], [ 112.162105786671347, -1.896479385445077 ], [ 112.160507124209403, -2.794388144008606 ], [ 113.066154951520545, -2.795850923884709 ] ] ] } },
{ "type": "Feature", "properties": { "cell_id": 153, "kekayaan_spesies": null, "total_individu": null, "jumlah_lokasi": null }, "geometry": { "type": "Polygon", "coordinates": [ [ [ 113.067505677984073, -1.897941251474158 ], [ 113.06885566508052, -1.000239534567648 ], [ 112.163703574050615, -0.998778232057805 ], [ 112.162105786671347, -1.896479385445077 ], [ 113.067505677984073, -1.897941251474158 ] ] ] } },
{ "type": "Feature", "properties": { "cell_id": 154, "kekayaan_spesies": null, "total_individu": null, "jumlah_lokasi": null }, "geometry": { "type": "Polygon", "coordinates": [ [ [ 113.06885566508052, -1.000239534567648 ], [ 113.070204913416802, -0.102531120805347 ], [ 112.165300487065494, -0.101070032443226 ], [ 112.163703574050615, -0.998778232057805 ], [ 113.06885566508052, -1.000239534567648 ] ] ] } },
{ "type": "Feature", "properties": { "cell_id": 155, "kekayaan_spesies": null, "total_individu": null, "jumlah_lokasi": null }, "geometry": { "type": "Polygon", "coordinates": [ [ [ 113.070204913416802, -0.102531120805347 ], [ 113.07155342359917, 0.795398467555915 ], [ 112.166896526433561, 0.79685969095566 ], [ 112.165300487065494, -0.101070032443226 ], [ 113.070204913416802, -0.102531120805347 ] ] ] } },
{ "type": "Feature", "properties": { "cell_id": 156, "kekayaan_spesies": 50.0, "total_individu": 418.0, "jumlah_lokasi": 5.0 }, "geometry": { "type": "Polygon", "coordinates": [ [ [ 113.07155342359917, 0.795398467555915 ], [ 113.072901196233218, 1.693764006719398 ], [ 112.168491692871513, 1.695225714928332 ], [ 112.166896526433561, 0.79685969095566 ], [ 113.07155342359917, 0.795398467555915 ] ] ] } },
{ "type": "Feature", "properties": { "cell_id": 157, "kekayaan_spesies": null, "total_individu": null, "jumlah_lokasi": null }, "geometry": { "type": "Polygon", "coordinates": [ [ [ 113.964067045844189, -9.106561455881875 ], [ 113.965174075177273, -8.201066985832119 ], [ 113.058035031959975, -8.199839327455139 ], [ 113.056679112877461, -9.105330918693662 ], [ 113.964067045844189, -9.106561455881875 ] ] ] } },
{ "type": "Feature", "properties": { "cell_id": 158, "kekayaan_spesies": null, "total_individu": null, "jumlah_lokasi": null }, "geometry": { "type": "Polygon", "coordinates": [ [ [ 113.965174075177273, -8.201066985832119 ], [ 113.966280497375735, -7.297328994612764 ], [ 113.05939020740837, -7.296103899183227 ], [ 113.058035031959975, -8.199839327455139 ], [ 113.965174075177273, -8.201066985832119 ] ] ] } },
{ "type": "Feature", "properties": { "cell_id": 159, "kekayaan_spesies": null, "total_individu": null, "jumlah_lokasi": null }, "geometry": { "type": "Polygon", "coordinates": [ [ [ 113.966280497375735, -7.297328994612764 ], [ 113.967386312938928, -6.395117873794329 ], [ 113.060744639834226, -6.393895031093462 ], [ 113.05939020740837, -7.296103899183227 ], [ 113.966280497375735, -7.297328994612764 ] ] ] } },
{ "type": "Feature", "properties": { "cell_id": 160, "kekayaan_spesies": 39.0, "total_individu": 1214.0, "jumlah_lokasi": 2.0 }, "geometry": { "type": "Polygon", "coordinates": [ [ [ 113.970700124801866, -3.695401753724987 ], [ 113.97180351880624, -2.797067770983276 ], [ 113.066154951520545, -2.795850923884709 ], [ 113.064803485082379, -3.694183853114673 ], [ 113.970700124801866, -3.695401753724987 ] ] ] } },
{ "type": "Feature", "properties": { "cell_id": 161, "kekayaan_spesies": null, "total_individu": null, "jumlah_lokasi": null }, "geometry": { "type": "Polygon", "coordinates": [ [ [ 113.97180351880624, -2.797067770983276 ], [ 113.972906308663767, -1.899157337933095 ], [ 113.067505677984073, -1.897941251474158 ], [ 113.066154951520545, -2.795850923884709 ], [ 113.97180351880624, -2.797067770983276 ] ] ] } },
{ "type": "Feature", "properties": { "cell_id": 162, "kekayaan_spesies": null, "total_individu": null, "jumlah_lokasi": null }, "geometry": { "type": "Polygon", "coordinates": [ [ [ 113.972906308663767, -1.899157337933095 ], [ 113.974008494870489, -1.001455151816563 ], [ 113.06885566508052, -1.000239534567648 ], [ 113.067505677984073, -1.897941251474158 ], [ 113.972906308663767, -1.899157337933095 ] ] ] } },
{ "type": "Feature", "properties": { "cell_id": 163, "kekayaan_spesies": null, "total_individu": null, "jumlah_lokasi": null }, "geometry": { "type": "Polygon", "coordinates": [ [ [ 113.974008494870489, -1.001455151816563 ], [ 113.975110077921912, -0.10374655947765 ], [ 113.070204913416802, -0.102531120805347 ], [ 113.06885566508052, -1.000239534567648 ], [ 113.974008494870489, -1.001455151816563 ] ] ] } },
{ "type": "Feature", "properties": { "cell_id": 164, "kekayaan_spesies": null, "total_individu": null, "jumlah_lokasi": null }, "geometry": { "type": "Polygon", "coordinates": [ [ [ 113.975110077921912, -0.10374655947765 ], [ 113.976211058313012, 0.794182916982307 ], [ 113.07155342359917, 0.795398467555915 ], [ 113.070204913416802, -0.102531120805347 ], [ 113.975110077921912, -0.10374655947765 ] ] ] } },
{ "type": "Feature", "properties": { "cell_id": 165, "kekayaan_spesies": 4.0, "total_individu": 74.0, "jumlah_lokasi": 1.0 }, "geometry": { "type": "Polygon", "coordinates": [ [ [ 113.976211058313012, 0.794182916982307 ], [ 113.977311436538216, 1.692548053281055 ], [ 113.072901196233218, 1.693764006719398 ], [ 113.07155342359917, 0.795398467555915 ], [ 113.976211058313012, 0.794182916982307 ] ] ] } },
{ "type": "Feature", "properties": { "cell_id": 166, "kekayaan_spesies": 34.0, "total_individu": 985.0, "jumlah_lokasi": 4.0 }, "geometry": { "type": "Polygon", "coordinates": [ [ [ 114.871455586445279, -9.10754329475126 ], [ 114.872313725529068, -8.202046527409349 ], [ 113.965174075177273, -8.201066985832119 ], [ 113.964067045844189, -9.106561455881875 ], [ 114.871455586445279, -9.10754329475126 ] ] ] } },
{ "type": "Feature", "properties": { "cell_id": 167, "kekayaan_spesies": null, "total_individu": null, "jumlah_lokasi": null }, "geometry": { "type": "Polygon", "coordinates": [ [ [ 114.872313725529068, -8.202046527409349 ], [ 114.873171393978282, -7.29830649092936 ], [ 113.966280497375735, -7.297328994612764 ], [ 113.965174075177273, -8.201066985832119 ], [ 114.872313725529068, -8.202046527409349 ] ] ] } },
{ "type": "Feature", "properties": { "cell_id": 168, "kekayaan_spesies": null, "total_individu": null, "jumlah_lokasi": null }, "geometry": { "type": "Polygon", "coordinates": [ [ [ 114.873171393978282, -7.29830649092936 ], [ 114.874028592180053, -6.396093572376222 ], [ 113.967386312938928, -6.395117873794329 ], [ 113.966280497375735, -7.297328994612764 ], [ 114.873171393978282, -7.29830649092936 ] ] ] } },
{ "type": "Feature", "properties": { "cell_id": 169, "kekayaan_spesies": null, "total_individu": null, "jumlah_lokasi": null }, "geometry": { "type": "Polygon", "coordinates": [ [ [ 114.875741579387253, -4.595348547733151 ], [ 114.876597369164699, -3.696373508177413 ], [ 113.970700124801866, -3.695401753724987 ], [ 113.96959612615403, -4.59437571705055 ], [ 114.875741579387253, -4.595348547733151 ] ] ] } },
{ "type": "Feature", "properties": { "cell_id": 170, "kekayaan_spesies": null, "total_individu": null, "jumlah_lokasi": null }, "geometry": { "type": "Polygon", "coordinates": [ [ [ 114.876597369164699, -3.696373508177413 ], [ 114.877452690238684, -2.798038684560646 ], [ 113.97180351880624, -2.797067770983276 ], [ 113.970700124801866, -3.695401753724987 ], [ 114.876597369164699, -3.696373508177413 ] ] ] } },
{ "type": "Feature", "properties": { "cell_id": 171, "kekayaan_spesies": null, "total_individu": null, "jumlah_lokasi": null }, "geometry": { "type": "Polygon", "coordinates": [ [ [ 114.877452690238684, -2.798038684560646 ], [ 114.878307542994165, -1.900127644318162 ], [ 113.972906308663767, -1.899157337933095 ], [ 113.97180351880624, -2.797067770983276 ], [ 114.877452690238684, -2.798038684560646 ] ] ] } },
{ "type": "Feature", "properties": { "cell_id": 172, "kekayaan_spesies": null, "total_individu": null, "jumlah_lokasi": null }, "geometry": { "type": "Polygon", "coordinates": [ [ [ 114.878307542994165, -1.900127644318162 ], [ 114.879161927815659, -1.002425083540005 ], [ 113.974008494870489, -1.001455151816563 ], [ 113.972906308663767, -1.899157337933095 ], [ 114.878307542994165, -1.900127644318162 ] ] ] } },
{ "type": "Feature", "properties": { "cell_id": 173, "kekayaan_spesies": null, "total_individu": null, "jumlah_lokasi": null }, "geometry": { "type": "Polygon", "coordinates": [ [ [ 114.879161927815659, -1.002425083540005 ], [ 114.880015845087257, -0.104716348433231 ], [ 113.975110077921912, -0.10374655947765 ], [ 113.974008494870489, -1.001455151816563 ], [ 114.879161927815659, -1.002425083540005 ] ] ] } },
{ "type": "Feature", "properties": { "cell_id": 174, "kekayaan_spesies": null, "total_individu": null, "jumlah_lokasi": null }, "geometry": { "type": "Polygon", "coordinates": [ [ [ 114.880015845087257, -0.104716348433231 ], [ 114.880869295192653, 0.793213039023146 ], [ 113.976211058313012, 0.794182916982307 ], [ 113.975110077921912, -0.10374655947765 ], [ 114.880015845087257, -0.104716348433231 ] ] ] } },
{ "type": "Feature", "properties": { "cell_id": 175, "kekayaan_spesies": null, "total_individu": null, "jumlah_lokasi": null }, "geometry": { "type": "Polygon", "coordinates": [ [ [ 114.880869295192653, 0.793213039023146 ], [ 114.881722278515142, 1.691577854162182 ], [ 113.977311436538216, 1.692548053281055 ], [ 113.976211058313012, 0.794182916982307 ], [ 114.880869295192653, 0.793213039023146 ] ] ] } },
{ "type": "Feature", "properties": { "cell_id": 176, "kekayaan_spesies": null, "total_individu": null, "jumlah_lokasi": null }, "geometry": { "type": "Polygon", "coordinates": [ [ [ 114.881722278515142, 1.691577854162182 ], [ 114.88257479543752, 2.590593644305058 ], [ 113.978411213091391, 2.59156439764166 ], [ 113.977311436538216, 1.692548053281055 ], [ 114.881722278515142, 1.691577854162182 ] ] ] } },
{ "type": "Feature", "properties": { "cell_id": 177, "kekayaan_spesies": 34.0, "total_individu": 539.0, "jumlah_lokasi": 3.0 }, "geometry": { "type": "Polygon", "coordinates": [ [ [ 115.77884459806836, -9.108276433305486 ], [ 115.779453846515338, -8.202777950400815 ], [ 114.872313725529068, -8.202046527409349 ], [ 114.871455586445279, -9.10754329475126 ], [ 115.77884459806836, -9.108276433305486 ] ] ] } },
{ "type": "Feature", "properties": { "cell_id": 178, "kekayaan_spesies": null, "total_individu": null, "jumlah_lokasi": null }, "geometry": { "type": "Polygon", "coordinates": [ [ [ 115.779453846515338, -8.202777950400815 ], [ 115.780062760828258, -7.29903638655296 ], [ 114.873171393978282, -7.29830649092936 ], [ 114.872313725529068, -8.202046527409349 ], [ 115.779453846515338, -8.202777950400815 ] ] ] } },
{ "type": "Feature", "properties": { "cell_id": 179, "kekayaan_spesies": null, "total_individu": null, "jumlah_lokasi": null }, "geometry": { "type": "Polygon", "coordinates": [ [ [ 115.780062760828258, -7.29903638655296 ], [ 115.780671341281916, -6.396822125461494 ], [ 114.874028592180053, -6.396093572376222 ], [ 114.873171393978282, -7.29830649092936 ], [ 115.780062760828258, -7.29903638655296 ] ] ] } },
{ "type": "Feature", "properties": { "cell_id": 180, "kekayaan_spesies": null, "total_individu": null, "jumlah_lokasi": null }, "geometry": { "type": "Polygon", "coordinates": [ [ [ 115.781279588150838, -5.495909242581257 ], [ 115.781887501709221, -4.596074959024911 ], [ 114.875741579387253, -4.595348547733151 ], [ 114.87488532052096, -5.49518185011444 ], [ 115.781279588150838, -5.495909242581257 ] ] ] } },
{ "type": "Feature", "properties": { "cell_id": 181, "kekayaan_spesies": null, "total_individu": null, "jumlah_lokasi": null }, "geometry": { "type": "Polygon", "coordinates": [ [ [ 115.781887501709221, -4.596074959024911 ], [ 115.782495082230923, -3.697099115683061 ], [ 114.876597369164699, -3.696373508177413 ], [ 114.875741579387253, -4.595348547733151 ], [ 115.781887501709221, -4.596074959024911 ] ] ] } },
{ "type": "Feature", "properties": { "cell_id": 182, "kekayaan_spesies": null, "total_individu": null, "jumlah_lokasi": null }, "geometry": { "type": "Polygon", "coordinates": [ [ [ 115.782495082230923, -3.697099115683061 ], [ 115.783102329989603, -2.798763664021634 ], [ 114.877452690238684, -2.798038684560646 ], [ 114.876597369164699, -3.696373508177413 ], [ 115.782495082230923, -3.697099115683061 ] ] ] } },
{ "type": "Feature", "properties": { "cell_id": 183, "kekayaan_spesies": null, "total_individu": null, "jumlah_lokasi": null }, "geometry": { "type": "Polygon", "coordinates": [ [ [ 115.783102329989603, -2.798763664021634 ], [ 115.783709245258478, -1.900852170226173 ], [ 114.878307542994165, -1.900127644318162 ], [ 114.877452690238684, -2.798038684560646 ], [ 115.783102329989603, -2.798763664021634 ] ] ] } },
{ "type": "Feature", "properties": { "cell_id": 184, "kekayaan_spesies": null, "total_individu": null, "jumlah_lokasi": null }, "geometry": { "type": "Polygon", "coordinates": [ [ [ 115.783709245258478, -1.900852170226173 ], [ 115.784315828310653, -1.003149329525142 ], [ 114.879161927815659, -1.002425083540005 ], [ 114.878307542994165, -1.900127644318162 ], [ 115.783709245258478, -1.900852170226173 ] ] ] } },
{ "type": "Feature", "properties": { "cell_id": 185, "kekayaan_spesies": null, "total_individu": null, "jumlah_lokasi": null }, "geometry": { "type": "Polygon", "coordinates": [ [ [ 115.784315828310653, -1.003149329525142 ], [ 115.78492207941872, -0.105440487651216 ], [ 114.880015845087257, -0.104716348433231 ], [ 114.879161927815659, -1.002425083540005 ], [ 115.784315828310653, -1.003149329525142 ] ] ] } },
{ "type": "Feature", "properties": { "cell_id": 186, "kekayaan_spesies": null, "total_individu": null, "jumlah_lokasi": null }, "geometry": { "type": "Polygon", "coordinates": [ [ [ 115.78492207941872, -0.105440487651216 ], [ 115.785527998855173, 0.792488833510321 ], [ 114.880869295192653, 0.793213039023146 ], [ 114.880015845087257, -0.104716348433231 ], [ 115.78492207941872, -0.105440487651216 ] ] ] } },
{ "type": "Feature", "properties": { "cell_id": 187, "kekayaan_spesies": null, "total_individu": null, "jumlah_lokasi": null }, "geometry": { "type": "Polygon", "coordinates": [ [ [ 115.785527998855173, 0.792488833510321 ], [ 115.786133586892078, 1.690853409003644 ], [ 114.881722278515142, 1.691577854162182 ], [ 114.880869295192653, 0.793213039023146 ], [ 115.785527998855173, 0.792488833510321 ] ] ] } },
{ "type": "Feature", "properties": { "cell_id": 188, "kekayaan_spesies": null, "total_individu": null, "jumlah_lokasi": null }, "geometry": { "type": "Polygon", "coordinates": [ [ [ 115.786133586892078, 1.690853409003644 ], [ 115.786738843801231, 2.589868785477622 ], [ 114.88257479543752, 2.590593644305058 ], [ 114.881722278515142, 1.691577854162182 ], [ 115.786133586892078, 1.690853409003644 ] ] ] } },
{ "type": "Feature", "properties": { "cell_id": 189, "kekayaan_spesies": null, "total_individu": null, "jumlah_lokasi": null }, "geometry": { "type": "Polygon", "coordinates": [ [ [ 115.786738843801231, 2.589868785477622 ], [ 115.787343769854175, 3.489751760386281 ], [ 114.88342684634226, 3.490477207964973 ], [ 114.88257479543752, 2.590593644305058 ], [ 115.786738843801231, 2.589868785477622 ] ] ] } },
{ "type": "Feature", "properties": { "cell_id": 190, "kekayaan_spesies": null, "total_individu": null, "jumlah_lokasi": null }, "geometry": { "type": "Polygon", "coordinates": [ [ [ 115.787343769854175, 3.489751760386281 ], [ 115.787948365322094, 4.390720868645931 ], [ 114.884278431611321, 4.391447081513346 ], [ 114.88342684634226, 3.490477207964973 ], [ 115.787343769854175, 3.489751760386281 ] ] ] } },
{ "type": "Feature", "properties": { "cell_id": 191, "kekayaan_spesies": 46.0, "total_individu": 329.0, "jumlah_lokasi": 2.0 }, "geometry": { "type": "Polygon", "coordinates": [ [ [ 116.686233944100522, -9.108760870055306 ], [ 116.686594301635594, -8.203261253473091 ], [ 115.779453846515338, -8.202777950400815 ], [ 115.77884459806836, -9.108276433305486 ], [ 116.686233944100522, -9.108760870055306 ] ] ] } },
{ "type": "Feature", "properties": { "cell_id": 192, "kekayaan_spesies": null, "total_individu": null, "jumlah_lokasi": null }, "geometry": { "type": "Polygon", "coordinates": [ [ [ 116.686594301635594, -8.203261253473091 ], [ 116.686954461537425, -7.29951868030375 ], [ 115.780062760828258, -7.29903638655296 ], [ 115.779453846515338, -8.202777950400815 ], [ 116.686594301635594, -8.203261253473091 ] ] ] } },
{ "type": "Feature", "properties": { "cell_id": 193, "kekayaan_spesies": null, "total_individu": null, "jumlah_lokasi": null }, "geometry": { "type": "Polygon", "coordinates": [ [ [ 116.686954461537425, -7.29951868030375 ], [ 116.687314423968502, -6.397303532022382 ], [ 115.780671341281916, -6.396822125461494 ], [ 115.780062760828258, -7.29903638655296 ], [ 116.686954461537425, -7.29951868030375 ] ] ] } },
{ "type": "Feature", "properties": { "cell_id": 194, "kekayaan_spesies": null, "total_individu": null, "jumlah_lokasi": null }, "geometry": { "type": "Polygon", "coordinates": [ [ [ 116.68767418909124, -5.496389882159328 ], [ 116.688033757067785, -4.596554950193139 ], [ 115.781887501709221, -4.596074959024911 ], [ 115.781279588150838, -5.495909242581257 ], [ 116.68767418909124, -5.496389882159328 ] ] ] } },
{ "type": "Feature", "properties": { "cell_id": 195, "kekayaan_spesies": null, "total_individu": null, "jumlah_lokasi": null }, "geometry": { "type": "Polygon", "coordinates": [ [ [ 116.688033757067785, -4.596554950193139 ], [ 116.688393128060156, -3.697578575654735 ], [ 115.782495082230923, -3.697099115683061 ], [ 115.781887501709221, -4.596074959024911 ], [ 116.688033757067785, -4.596554950193139 ] ] ] } },
{ "type": "Feature", "properties": { "cell_id": 196, "kekayaan_spesies": null, "total_individu": null, "jumlah_lokasi": null }, "geometry": { "type": "Polygon", "coordinates": [ [ [ 116.688393128060156, -3.697578575654735 ], [ 116.688752302230199, -2.799242708923029 ], [ 115.783102329989603, -2.798763664021634 ], [ 115.782495082230923, -3.697099115683061 ], [ 116.688393128060156, -3.697578575654735 ] ] ] } },
{ "type": "Feature", "properties": { "cell_id": 197, "kekayaan_spesies": null, "total_individu": null, "jumlah_lokasi": null }, "geometry": { "type": "Polygon", "coordinates": [ [ [ 116.688752302230199, -2.799242708923029 ], [ 116.689111279739521, -1.901330915355695 ], [ 115.783709245258478, -1.900852170226173 ], [ 115.783102329989603, -2.798763664021634 ], [ 116.688752302230199, -2.799242708923029 ] ] ] } },
{ "type": "Feature", "properties": { "cell_id": 198, "kekayaan_spesies": null, "total_individu": null, "jumlah_lokasi": null }, "geometry": { "type": "Polygon", "coordinates": [ [ [ 116.689111279739521, -1.901330915355695 ], [ 116.689470060749628, -1.003627889613173 ], [ 115.784315828310653, -1.003149329525142 ], [ 115.783709245258478, -1.900852170226173 ], [ 116.689111279739521, -1.901330915355695 ] ] ] } },
{ "type": "Feature", "properties": { "cell_id": 199, "kekayaan_spesies": null, "total_individu": null, "jumlah_lokasi": null }, "geometry": { "type": "Polygon", "coordinates": [ [ [ 116.689470060749628, -1.003627889613173 ], [ 116.689828645421827, -0.105918977114669 ], [ 115.78492207941872, -0.105440487651216 ], [ 115.784315828310653, -1.003149329525142 ], [ 116.689470060749628, -1.003627889613173 ] ] ] } },
{ "type": "Feature", "properties": { "cell_id": 200, "kekayaan_spesies": null, "total_individu": null, "jumlah_lokasi": null }, "geometry": { "type": "Polygon", "coordinates": [ [ [ 116.689828645421827, -0.105918977114669 ], [ 116.690187033917198, 0.7920103003177 ], [ 115.785527998855173, 0.792488833510321 ], [ 115.78492207941872, -0.105440487651216 ], [ 116.689828645421827, -0.105918977114669 ] ] ] } },
{ "type": "Feature", "properties": { "cell_id": 201, "kekayaan_spesies": null, "total_individu": null, "jumlah_lokasi": null }, "geometry": { "type": "Polygon", "coordinates": [ [ [ 116.690187033917198, 0.7920103003177 ], [ 116.690545226396708, 1.69037471753689 ], [ 115.786133586892078, 1.690853409003644 ], [ 115.785527998855173, 0.792488833510321 ], [ 116.690187033917198, 0.7920103003177 ] ] ] } },
{ "type": "Feature", "properties": { "cell_id": 202, "kekayaan_spesies": null, "total_individu": null, "jumlah_lokasi": null }, "geometry": { "type": "Polygon", "coordinates": [ [ [ 116.690545226396708, 1.69037471753689 ], [ 116.690903223021138, 2.589389820748592 ], [ 115.786738843801231, 2.589868785477622 ], [ 115.786133586892078, 1.690853409003644 ], [ 116.690545226396708, 1.69037471753689 ] ] ] } },
{ "type": "Feature", "properties": { "cell_id": 203, "kekayaan_spesies": null, "total_individu": null, "jumlah_lokasi": null }, "geometry": { "type": "Polygon", "coordinates": [ [ [ 116.690903223021138, 2.589389820748592 ], [ 116.691261023951071, 3.489272406705986 ], [ 115.787343769854175, 3.489751760386281 ], [ 115.786738843801231, 2.589868785477622 ], [ 116.690903223021138, 2.589389820748592 ] ] ] } },
{ "type": "Feature", "properties": { "cell_id": 204, "kekayaan_spesies": null, "total_individu": null, "jumlah_lokasi": null }, "geometry": { "type": "Polygon", "coordinates": [ [ [ 116.691261023951071, 3.489272406705986 ], [ 116.69161862934692, 4.390241009363336 ], [ 115.787948365322094, 4.390720868645931 ], [ 115.787343769854175, 3.489751760386281 ], [ 116.691261023951071, 3.489272406705986 ] ] ] } },
{ "type": "Feature", "properties": { "cell_id": 205, "kekayaan_spesies": null, "total_individu": null, "jumlah_lokasi": null }, "geometry": { "type": "Polygon", "coordinates": [ [ [ 116.69161862934692, 4.390241009363336 ], [ 116.691976039368924, 5.292516397057605 ], [ 115.788552630475905, 5.292996879820142 ], [ 115.787948365322094, 4.390720868645931 ], [ 116.69161862934692, 4.390241009363336 ] ] ] } },
{ "type": "Feature", "properties": { "cell_id": 206, "kekayaan_spesies": null, "total_individu": null, "jumlah_lokasi": null }, "geometry": { "type": "Polygon", "coordinates": [ [ [ 117.593623487928653, -9.108996604014845 ], [ 117.59373495438912, -8.203496435745091 ], [ 116.686594301635594, -8.203261253473091 ], [ 116.686233944100522, -9.108760870055306 ], [ 117.593623487928653, -9.108996604014845 ] ] ] } },
{ "type": "Feature", "properties": { "cell_id": 207, "kekayaan_spesies": null, "total_individu": null, "jumlah_lokasi": null }, "geometry": { "type": "Polygon", "coordinates": [ [ [ 117.59373495438912, -8.203496435745091 ], [ 117.593846359717276, -7.299753371401167 ], [ 116.686954461537425, -7.29951868030375 ], [ 116.686594301635594, -8.203261253473091 ], [ 117.59373495438912, -8.203496435745091 ] ] ] } },
{ "type": "Feature", "properties": { "cell_id": 208, "kekayaan_spesies": null, "total_individu": null, "jumlah_lokasi": null }, "geometry": { "type": "Polygon", "coordinates": [ [ [ 117.594513510719722, -1.901563879508319 ], [ 117.594624489526495, -1.003860763700201 ], [ 116.689470060749628, -1.003627889613173 ], [ 116.689111279739521, -1.901330915355695 ], [ 117.594513510719722, -1.901563879508319 ] ] ] } },
{ "type": "Feature", "properties": { "cell_id": 209, "kekayaan_spesies": null, "total_individu": null, "jumlah_lokasi": null }, "geometry": { "type": "Polygon", "coordinates": [ [ [ 117.594624489526495, -1.003860763700201 ], [ 117.594735407601647, -0.106151816812277 ], [ 116.689828645421827, -0.105918977114669 ], [ 116.689470060749628, -1.003627889613173 ], [ 117.594624489526495, -1.003860763700201 ] ] ] } },
{ "type": "Feature", "properties": { "cell_id": 210, "kekayaan_spesies": 60.0, "total_individu": 838.0, "jumlah_lokasi": 9.0 }, "geometry": { "type": "Polygon", "coordinates": [ [ [ 117.594735407601647, -0.106151816812277 ], [ 117.594846264995027, 0.791777439363126 ], [ 116.690187033917198, 0.7920103003177 ], [ 116.689828645421827, -0.105918977114669 ], [ 117.594735407601647, -0.106151816812277 ] ] ] } },
{ "type": "Feature", "properties": { "cell_id": 211, "kekayaan_spesies": null, "total_individu": null, "jumlah_lokasi": null }, "geometry": { "type": "Polygon", "coordinates": [ [ [ 117.594846264995027, 0.791777439363126 ], [ 117.594957061756389, 1.690141779585883 ], [ 116.690545226396708, 1.69037471753689 ], [ 116.690187033917198, 0.7920103003177 ], [ 117.594846264995027, 0.791777439363126 ] ] ] } },
{ "type": "Feature", "properties": { "cell_id": 212, "kekayaan_spesies": null, "total_individu": null, "jumlah_lokasi": null }, "geometry": { "type": "Polygon", "coordinates": [ [ [ 117.594957061756389, 1.690141779585883 ], [ 117.595067797935499, 2.589156749846539 ], [ 116.690903223021138, 2.589389820748592 ], [ 116.690545226396708, 1.69037471753689 ], [ 117.594957061756389, 1.690141779585883 ] ] ] } },
{ "type": "Feature", "properties": { "cell_id": 213, "kekayaan_spesies": 28.0, "total_individu": 863.0, "jumlah_lokasi": 1.0 }, "geometry": { "type": "Polygon", "coordinates": [ [ [ 117.595067797935499, 2.589156749846539 ], [ 117.595178473582024, 3.489039146556415 ], [ 116.691261023951071, 3.489272406705986 ], [ 116.690903223021138, 2.589389820748592 ], [ 117.595067797935499, 2.589156749846539 ] ] ] } },
{ "type": "Feature", "properties": { "cell_id": 214, "kekayaan_spesies": null, "total_individu": null, "jumlah_lokasi": null }, "geometry": { "type": "Polygon", "coordinates": [ [ [ 117.595178473582024, 3.489039146556415 ], [ 117.59528908874556, 4.390007503203373 ], [ 116.69161862934692, 4.390241009363336 ], [ 116.691261023951071, 3.489272406705986 ], [ 117.595178473582024, 3.489039146556415 ] ] ] } },
{ "type": "Feature", "properties": { "cell_id": 215, "kekayaan_spesies": null, "total_individu": null, "jumlah_lokasi": null }, "geometry": { "type": "Polygon", "coordinates": [ [ [ 118.501013092939388, -9.108983634704513 ], [ 118.500875668274901, -8.203483496787632 ], [ 117.59373495438912, -8.203496435745091 ], [ 117.593623487928653, -9.108996604014845 ], [ 118.501013092939388, -9.108983634704513 ] ] ] } },
{ "type": "Feature", "properties": { "cell_id": 216, "kekayaan_spesies": null, "total_individu": null, "jumlah_lokasi": null }, "geometry": { "type": "Polygon", "coordinates": [ [ [ 118.500875668274901, -8.203483496787632 ], [ 118.500738318979145, -7.299740459467073 ], [ 117.593846359717276, -7.299753371401167 ], [ 117.59373495438912, -8.203496435745091 ], [ 118.500875668274901, -8.203483496787632 ] ] ] } },
{ "type": "Feature", "properties": { "cell_id": 217, "kekayaan_spesies": null, "total_individu": null, "jumlah_lokasi": null }, "geometry": { "type": "Polygon", "coordinates": [ [ [ 118.499778979035, -1.003847951734577 ], [ 118.499642230463294, -0.106139006738824 ], [ 117.594735407601647, -0.106151816812277 ], [ 117.594624489526495, -1.003860763700201 ], [ 118.499778979035, -1.003847951734577 ] ] ] } },
{ "type": "Feature", "properties": { "cell_id": 218, "kekayaan_spesies": null, "total_individu": null, "jumlah_lokasi": null }, "geometry": { "type": "Polygon", "coordinates": [ [ [ 118.499642230463294, -0.106139006738824 ], [ 118.499505556704861, 0.791790250605512 ], [ 117.594846264995027, 0.791777439363126 ], [ 117.594735407601647, -0.106151816812277 ], [ 118.499642230463294, -0.106139006738824 ] ] ] } },
{ "type": "Feature", "properties": { "cell_id": 219, "kekayaan_spesies": null, "total_individu": null, "jumlah_lokasi": null }, "geometry": { "type": "Polygon", "coordinates": [ [ [ 118.499505556704861, 0.791790250605512 ], [ 118.499368957698351, 1.690154595064171 ], [ 117.594957061756389, 1.690141779585883 ], [ 117.594846264995027, 0.791777439363126 ], [ 118.499505556704861, 0.791790250605512 ] ] ] } },
{ "type": "Feature", "properties": { "cell_id": 220, "kekayaan_spesies": null, "total_individu": null, "jumlah_lokasi": null }, "geometry": { "type": "Polygon", "coordinates": [ [ [ 118.499368957698351, 1.690154595064171 ], [ 118.49923243338246, 2.589169572638622 ], [ 117.595067797935499, 2.589156749846539 ], [ 117.594957061756389, 1.690141779585883 ], [ 118.499368957698351, 1.690154595064171 ] ] ] } },
{ "type": "Feature", "properties": { "cell_id": 221, "kekayaan_spesies": null, "total_individu": null, "jumlah_lokasi": null }, "geometry": { "type": "Polygon", "coordinates": [ [ [ 118.49923243338246, 2.589169572638622 ], [ 118.499095983695938, 3.489051979760022 ], [ 117.595178473582024, 3.489039146556415 ], [ 117.595067797935499, 2.589156749846539 ], [ 118.49923243338246, 2.589169572638622 ] ] ] } },
{ "type": "Feature", "properties": { "cell_id": 222, "kekayaan_spesies": null, "total_individu": null, "jumlah_lokasi": null }, "geometry": { "type": "Polygon", "coordinates": [ [ [ 118.499095983695938, 3.489051979760022 ], [ 118.498959608577607, 4.390020349941687 ], [ 117.59528908874556, 4.390007503203373 ], [ 117.595178473582024, 3.489039146556415 ], [ 118.499095983695938, 3.489051979760022 ] ] ] } },
{ "type": "Feature", "properties": { "cell_id": 223, "kekayaan_spesies": null, "total_individu": null, "jumlah_lokasi": null }, "geometry": { "type": "Polygon", "coordinates": [ [ [ 119.408789150290843, -10.016212401613748 ], [ 119.408402622519347, -9.108721962151579 ], [ 118.501013092939388, -9.108983634704513 ], [ 118.501150593034652, -10.016474755099381 ], [ 119.408789150290843, -10.016212401613748 ] ] ] } },
{ "type": "Feature", "properties": { "cell_id": 224, "kekayaan_spesies": null, "total_individu": null, "jumlah_lokasi": null }, "geometry": { "type": "Polygon", "coordinates": [ [ [ 119.408402622519347, -9.108721962151579 ], [ 119.408016306791993, -8.203222436624266 ], [ 118.500875668274901, -8.203483496787632 ], [ 118.501013092939388, -9.108983634704513 ], [ 119.408402622519347, -9.108721962151579 ] ] ] } },
{ "type": "Feature", "properties": { "cell_id": 225, "kekayaan_spesies": null, "total_individu": null, "jumlah_lokasi": null }, "geometry": { "type": "Polygon", "coordinates": [ [ [ 119.408016306791993, -8.203222436624266 ], [ 119.4076302029343, -7.299479944521562 ], [ 118.500738318979145, -7.299740459467073 ], [ 118.500875668274901, -8.203483496787632 ], [ 119.408016306791993, -8.203222436624266 ] ] ] } },
{ "type": "Feature", "properties": { "cell_id": 226, "kekayaan_spesies": null, "total_individu": null, "jumlah_lokasi": null }, "geometry": { "type": "Polygon", "coordinates": [ [ [ 119.406858630131154, -5.496351279237961 ], [ 119.406473160837777, -4.596516399351626 ], [ 118.500326722684747, -4.596775670467967 ], [ 118.500463846245935, -5.496610900621257 ], [ 119.406858630131154, -5.496351279237961 ] ] ] } },
{ "type": "Feature", "properties": { "cell_id": 227, "kekayaan_spesies": 49.0, "total_individu": 1422.0, "jumlah_lokasi": 1.0 }, "geometry": { "type": "Polygon", "coordinates": [ [ [ 119.406087902718255, -3.697540067479261 ], [ 119.40570285559906, -2.799204234086329 ], [ 118.50005270086416, -2.799462994022957 ], [ 118.500189674244709, -3.697799051642825 ], [ 119.406087902718255, -3.697540067479261 ] ] ] } },
{ "type": "Feature", "properties": { "cell_id": 228, "kekayaan_spesies": null, "total_individu": null, "jumlah_lokasi": null }, "geometry": { "type": "Polygon", "coordinates": [ [ [ 119.40570285559906, -2.799204234086329 ], [ 119.405318019306947, -1.901292464597125 ], [ 118.499915802481453, -1.90155106258683 ], [ 118.50005270086416, -2.799462994022957 ], [ 119.40570285559906, -2.799204234086329 ] ] ] } },
{ "type": "Feature", "properties": { "cell_id": 229, "kekayaan_spesies": null, "total_individu": null, "jumlah_lokasi": null }, "geometry": { "type": "Polygon", "coordinates": [ [ [ 119.405318019306947, -1.901292464597125 ], [ 119.40493339366877, -1.003589453718779 ], [ 118.499778979035, -1.003847951734577 ], [ 118.499915802481453, -1.90155106258683 ], [ 119.405318019306947, -1.901292464597125 ] ] ] } },
{ "type": "Feature", "properties": { "cell_id": 230, "kekayaan_spesies": null, "total_individu": null, "jumlah_lokasi": null }, "geometry": { "type": "Polygon", "coordinates": [ [ [ 119.404164773662785, 0.79204873404749 ], [ 119.403780778949709, 1.690413163976305 ], [ 118.499368957698351, 1.690154595064171 ], [ 118.499505556704861, 0.791790250605512 ], [ 119.404164773662785, 0.79204873404749 ] ] ] } },
{ "type": "Feature", "properties": { "cell_id": 231, "kekayaan_spesies": null, "total_individu": null, "jumlah_lokasi": null }, "geometry": { "type": "Polygon", "coordinates": [ [ [ 119.403780778949709, 1.690413163976305 ], [ 119.403396994200065, 2.589428289132989 ], [ 118.49923243338246, 2.589169572638622 ], [ 118.499368957698351, 1.690154595064171 ], [ 119.403780778949709, 1.690413163976305 ] ] ] } },
{ "type": "Feature", "properties": { "cell_id": 232, "kekayaan_spesies": null, "total_individu": null, "jumlah_lokasi": null }, "geometry": { "type": "Polygon", "coordinates": [ [ [ 120.317063399545845, -10.925419327847012 ], [ 120.316427495328355, -10.015700698291768 ], [ 119.408789150290843, -10.016212401613748 ], [ 119.409175890281091, -10.925932495937007 ], [ 120.317063399545845, -10.925419327847012 ] ] ] } },
{ "type": "Feature", "properties": { "cell_id": 233, "kekayaan_spesies": null, "total_individu": null, "jumlah_lokasi": null }, "geometry": { "type": "Polygon", "coordinates": [ [ [ 120.316427495328355, -10.015700698291768 ], [ 120.315791940055249, -9.108211586887617 ], [ 119.408402622519347, -9.108721962151579 ], [ 119.408789150290843, -10.016212401613748 ], [ 120.316427495328355, -10.015700698291768 ] ] ] } },
{ "type": "Feature", "properties": { "cell_id": 234, "kekayaan_spesies": null, "total_individu": null, "jumlah_lokasi": null }, "geometry": { "type": "Polygon", "coordinates": [ [ [ 120.315791940055249, -9.108211586887617 ], [ 120.315156733439423, -8.202713255730746 ], [ 119.408016306791993, -8.203222436624266 ], [ 119.408402622519347, -9.108721962151579 ], [ 120.315791940055249, -9.108211586887617 ] ] ] } },
{ "type": "Feature", "properties": { "cell_id": 235, "kekayaan_spesies": null, "total_individu": null, "jumlah_lokasi": null }, "geometry": { "type": "Polygon", "coordinates": [ [ [ 120.313887365032585, -6.396757684648388 ], [ 120.313253202668875, -5.495844904430689 ], [ 119.406858630131154, -5.496351279237961 ], [ 119.407244310772043, -6.397264867497585 ], [ 120.313887365032585, -6.396757684648388 ] ] ] } },
{ "type": "Feature", "properties": { "cell_id": 236, "kekayaan_spesies": null, "total_individu": null, "jumlah_lokasi": null }, "geometry": { "type": "Polygon", "coordinates": [ [ [ 120.313253202668875, -5.495844904430689 ], [ 120.312619387817037, -4.596010707665732 ], [ 119.406473160837777, -4.596516399351626 ], [ 119.406858630131154, -5.496351279237961 ], [ 120.313253202668875, -5.495844904430689 ] ] ] } },
{ "type": "Feature", "properties": { "cell_id": 237, "kekayaan_spesies": null, "total_individu": null, "jumlah_lokasi": null }, "geometry": { "type": "Polygon", "coordinates": [ [ [ 120.312619387817037, -4.596010707665732 ], [ 120.311985920191475, -3.697034935424583 ], [ 119.406087902718255, -3.697540067479261 ], [ 119.406473160837777, -4.596516399351626 ], [ 120.312619387817037, -4.596010707665732 ] ] ] } },
{ "type": "Feature", "properties": { "cell_id": 238, "kekayaan_spesies": null, "total_individu": null, "jumlah_lokasi": null }, "geometry": { "type": "Polygon", "coordinates": [ [ [ 120.311985920191475, -3.697034935424583 ], [ 120.311352799506949, -2.798699539319631 ], [ 119.40570285559906, -2.799204234086329 ], [ 119.406087902718255, -3.697540067479261 ], [ 120.311985920191475, -3.697034935424583 ] ] ] } },
{ "type": "Feature", "properties": { "cell_id": 239, "kekayaan_spesies": null, "total_individu": null, "jumlah_lokasi": null }, "geometry": { "type": "Polygon", "coordinates": [ [ [ 120.311352799506949, -2.798699539319631 ], [ 120.310720025478503, -1.900788085646784 ], [ 119.405318019306947, -1.901292464597125 ], [ 119.40570285559906, -2.799204234086329 ], [ 120.311352799506949, -2.798699539319631 ] ] ] } },
{ "type": "Feature", "properties": { "cell_id": 240, "kekayaan_spesies": null, "total_individu": null, "jumlah_lokasi": null }, "geometry": { "type": "Polygon", "coordinates": [ [ [ 120.310720025478503, -1.900788085646784 ], [ 120.310087597821521, -1.003085269710692 ], [ 119.40493339366877, -1.003589453718779 ], [ 119.405318019306947, -1.901292464597125 ], [ 120.310720025478503, -1.900788085646784 ] ] ] } },
{ "type": "Feature", "properties": { "cell_id": 241, "kekayaan_spesies": 10.0, "total_individu": 37.0, "jumlah_lokasi": 1.0 }, "geometry": { "type": "Polygon", "coordinates": [ [ [ 120.310087597821521, -1.003085269710692 ], [ 120.309455516251688, -0.10537643728635 ], [ 119.404548978511613, -0.105880546894963 ], [ 119.40493339366877, -1.003589453718779 ], [ 120.310087597821521, -1.003085269710692 ] ] ] } },
{ "type": "Feature", "properties": { "cell_id": 242, "kekayaan_spesies": null, "total_individu": null, "jumlah_lokasi": null }, "geometry": { "type": "Polygon", "coordinates": [ [ [ 120.309455516251688, -0.10537643728635 ], [ 120.308823780484957, 0.792552889733403 ], [ 119.404164773662785, 0.79204873404749 ], [ 119.404548978511613, -0.105880546894963 ], [ 120.309455516251688, -0.10537643728635 ] ] ] } },
{ "type": "Feature", "properties": { "cell_id": 243, "kekayaan_spesies": null, "total_individu": null, "jumlah_lokasi": null }, "geometry": { "type": "Polygon", "coordinates": [ [ [ 120.308823780484957, 0.792552889733403 ], [ 120.308192390237664, 1.690917486418005 ], [ 119.403780778949709, 1.690413163976305 ], [ 119.404164773662785, 0.79204873404749 ], [ 120.308823780484957, 0.792552889733403 ] ] ] } },
{ "type": "Feature", "properties": { "cell_id": 244, "kekayaan_spesies": null, "total_individu": null, "jumlah_lokasi": null }, "geometry": { "type": "Polygon", "coordinates": [ [ [ 121.224950559578801, -10.924656097440772 ], [ 121.224065491421484, -10.014939646282427 ], [ 120.316427495328355, -10.015700698291768 ], [ 120.317063399545845, -10.925419327847012 ], [ 121.224950559578801, -10.924656097440772 ] ] ] } },
{ "type": "Feature", "properties": { "cell_id": 245, "kekayaan_spesies": null, "total_individu": null, "jumlah_lokasi": null }, "geometry": { "type": "Polygon", "coordinates": [ [ [ 121.224065491421484, -10.014939646282427 ], [ 121.223180908933898, -9.107452509950125 ], [ 120.315791940055249, -9.108211586887617 ], [ 120.316427495328355, -10.015700698291768 ], [ 121.224065491421484, -10.014939646282427 ] ] ] } },
{ "type": "Feature", "properties": { "cell_id": 246, "kekayaan_spesies": null, "total_individu": null, "jumlah_lokasi": null }, "geometry": { "type": "Polygon", "coordinates": [ [ [ 121.223180908933898, -9.107452509950125 ], [ 121.222296811716447, -8.201955955036874 ], [ 120.315156733439423, -8.202713255730746 ], [ 120.315791940055249, -9.108211586887617 ], [ 121.223180908933898, -9.107452509950125 ] ] ] } },
{ "type": "Feature", "properties": { "cell_id": 247, "kekayaan_spesies": null, "total_individu": null, "jumlah_lokasi": null }, "geometry": { "type": "Polygon", "coordinates": [ [ [ 121.222296811716447, -8.201955955036874 ], [ 121.221413199369891, -7.298216107681229 ], [ 120.314521875194032, -7.298971826985747 ], [ 120.315156733439423, -8.202713255730746 ], [ 121.222296811716447, -8.201955955036874 ] ] ] } },
{ "type": "Feature", "properties": { "cell_id": 248, "kekayaan_spesies": null, "total_individu": null, "jumlah_lokasi": null }, "geometry": { "type": "Polygon", "coordinates": [ [ [ 121.221413199369891, -7.298216107681229 ], [ 121.22053007149546, -6.396003355365131 ], [ 120.313887365032585, -6.396757684648388 ], [ 120.314521875194032, -7.298971826985747 ], [ 121.221413199369891, -7.298216107681229 ] ] ] } },
{ "type": "Feature", "properties": { "cell_id": 249, "kekayaan_spesies": null, "total_individu": null, "jumlah_lokasi": null }, "geometry": { "type": "Polygon", "coordinates": [ [ [ 121.22053007149546, -6.396003355365131 ], [ 121.219647427694809, -5.495091776813166 ], [ 120.313253202668875, -5.495844904430689 ], [ 120.313887365032585, -6.396757684648388 ], [ 121.22053007149546, -6.396003355365131 ] ] ] } },
{ "type": "Feature", "properties": { "cell_id": 250, "kekayaan_spesies": null, "total_individu": null, "jumlah_lokasi": null }, "geometry": { "type": "Polygon", "coordinates": [ [ [ 121.219647427694809, -5.495091776813166 ], [ 121.218765267570035, -4.595258595920989 ], [ 120.312619387817037, -4.596010707665732 ], [ 120.313253202668875, -5.495844904430689 ], [ 121.219647427694809, -5.495091776813166 ] ] ] } },
{ "type": "Feature", "properties": { "cell_id": 251, "kekayaan_spesies": 16.0, "total_individu": 3037.0, "jumlah_lokasi": 1.0 }, "geometry": { "type": "Polygon", "coordinates": [ [ [ 121.218765267570035, -4.595258595920989 ], [ 121.217883590723702, -3.696283655888108 ], [ 120.311985920191475, -3.697034935424583 ], [ 120.312619387817037, -4.596010707665732 ], [ 121.218765267570035, -4.595258595920989 ] ] ] } },
{ "type": "Feature", "properties": { "cell_id": 252, "kekayaan_spesies": null, "total_individu": null, "jumlah_lokasi": null }, "geometry": { "type": "Polygon", "coordinates": [ [ [ 121.217883590723702, -3.696283655888108 ], [ 121.217002396758772, -2.797948910032584 ], [ 120.311352799506949, -2.798699539319631 ], [ 120.311985920191475, -3.697034935424583 ], [ 121.217883590723702, -3.696283655888108 ] ] ] } },
{ "type": "Feature", "properties": { "cell_id": 253, "kekayaan_spesies": null, "total_individu": null, "jumlah_lokasi": null }, "geometry": { "type": "Polygon", "coordinates": [ [ [ 121.217002396758772, -2.797948910032584 ], [ 121.216121685278665, -1.900037925944331 ], [ 120.310720025478503, -1.900788085646784 ], [ 120.311352799506949, -2.798699539319631 ], [ 121.217002396758772, -2.797948910032584 ] ] ] } },
{ "type": "Feature", "properties": { "cell_id": 254, "kekayaan_spesies": null, "total_individu": null, "jumlah_lokasi": null }, "geometry": { "type": "Polygon", "coordinates": [ [ [ 121.216121685278665, -1.900037925944331 ], [ 121.215241455887195, -1.00233539981915 ], [ 120.310087597821521, -1.003085269710692 ], [ 120.310720025478503, -1.900788085646784 ], [ 121.216121685278665, -1.900037925944331 ] ] ] } },
{ "type": "Feature", "properties": { "cell_id": 255, "kekayaan_spesies": null, "total_individu": null, "jumlah_lokasi": null }, "geometry": { "type": "Polygon", "coordinates": [ [ [ 121.215241455887195, -1.00233539981915 ], [ 121.214361708188676, -0.104626677924338 ], [ 120.309455516251688, -0.10537643728635 ], [ 120.310087597821521, -1.003085269710692 ], [ 121.215241455887195, -1.00233539981915 ] ] ] } },
{ "type": "Feature", "properties": { "cell_id": 256, "kekayaan_spesies": null, "total_individu": null, "jumlah_lokasi": null }, "geometry": { "type": "Polygon", "coordinates": [ [ [ 121.214361708188676, -0.104626677924338 ], [ 121.213482441787761, 0.793302717751327 ], [ 120.308823780484957, 0.792552889733403 ], [ 120.309455516251688, -0.10537643728635 ], [ 121.214361708188676, -0.104626677924338 ] ] ] } },
{ "type": "Feature", "properties": { "cell_id": 257, "kekayaan_spesies": null, "total_individu": null, "jumlah_lokasi": null }, "geometry": { "type": "Polygon", "coordinates": [ [ [ 121.213482441787761, 0.793302717751327 ], [ 121.212603656289659, 1.691667562575552 ], [ 120.308192390237664, 1.690917486418005 ], [ 120.308823780484957, 0.792552889733403 ], [ 121.213482441787761, 0.793302717751327 ] ] ] } },
{ "type": "Feature", "properties": { "cell_id": 258, "kekayaan_spesies": null, "total_individu": null, "jumlah_lokasi": null }, "geometry": { "type": "Polygon", "coordinates": [ [ [ 122.132837233541949, -10.923642806597524 ], [ 122.131703001844926, -10.013929247294641 ], [ 121.224065491421484, -10.014939646282427 ], [ 121.224950559578801, -10.924656097440772 ], [ 122.132837233541949, -10.923642806597524 ] ] ] } },
{ "type": "Feature", "properties": { "cell_id": 259, "kekayaan_spesies": null, "total_individu": null, "jumlah_lokasi": null }, "geometry": { "type": "Polygon", "coordinates": [ [ [ 122.130569392542554, -9.106444732883366 ], [ 122.129436405122661, -8.200950535922173 ], [ 121.222296811716447, -8.201955955036874 ], [ 121.223180908933898, -9.107452509950125 ], [ 122.130569392542554, -9.106444732883366 ] ] ] } },
{ "type": "Feature", "properties": { "cell_id": 260, "kekayaan_spesies": null, "total_individu": null, "jumlah_lokasi": null }, "geometry": { "type": "Polygon", "coordinates": [ [ [ 122.129436405122661, -8.200950535922173 ], [ 122.128304039073697, -7.297212787829895 ], [ 121.221413199369891, -7.298216107681229 ], [ 121.222296811716447, -8.201955955036874 ], [ 122.129436405122661, -8.200950535922173 ] ] ] } },
{ "type": "Feature", "properties": { "cell_id": 261, "kekayaan_spesies": null, "total_individu": null, "jumlah_lokasi": null }, "geometry": { "type": "Polygon", "coordinates": [ [ [ 122.12604116904491, -5.494091897295381 ], [ 122.124910664044691, -4.594260064876202 ], [ 121.218765267570035, -4.595258595920989 ], [ 121.219647427694809, -5.495091776813166 ], [ 122.12604116904491, -5.494091897295381 ] ] ] } },
{ "type": "Feature", "properties": { "cell_id": 262, "kekayaan_spesies": null, "total_individu": null, "jumlah_lokasi": null }, "geometry": { "type": "Polygon", "coordinates": [ [ [ 122.124910664044691, -4.594260064876202 ], [ 122.123780778374623, -3.695286229478504 ], [ 121.217883590723702, -3.696283655888108 ], [ 121.218765267570035, -4.595258595920989 ], [ 122.124910664044691, -4.594260064876202 ] ] ] } },
{ "type": "Feature", "properties": { "cell_id": 263, "kekayaan_spesies": null, "total_individu": null, "jumlah_lokasi": null }, "geometry": { "type": "Polygon", "coordinates": [ [ [ 122.123780778374623, -3.695286229478504 ], [ 122.122651511525874, -2.796952346684582 ], [ 121.217002396758772, -2.797948910032584 ], [ 121.217883590723702, -3.696283655888108 ], [ 122.123780778374623, -3.695286229478504 ] ] ] } },
{ "type": "Feature", "properties": { "cell_id": 264, "kekayaan_spesies": null, "total_individu": null, "jumlah_lokasi": null }, "geometry": { "type": "Polygon", "coordinates": [ [ [ 122.122651511525874, -2.796952346684582 ], [ 122.121522862990233, -1.899041985802549 ], [ 121.216121685278665, -1.900037925944331 ], [ 121.217002396758772, -2.797948910032584 ], [ 122.122651511525874, -2.796952346684582 ] ] ] } },
{ "type": "Feature", "properties": { "cell_id": 265, "kekayaan_spesies": null, "total_individu": null, "jumlah_lokasi": null }, "geometry": { "type": "Polygon", "coordinates": [ [ [ 122.121522862990233, -1.899041985802549 ], [ 122.120394832260004, -1.001339844209391 ], [ 121.215241455887195, -1.00233539981915 ], [ 121.216121685278665, -1.900037925944331 ], [ 122.121522862990233, -1.899041985802549 ] ] ] } },
{ "type": "Feature", "properties": { "cell_id": 266, "kekayaan_spesies": null, "total_individu": null, "jumlah_lokasi": null }, "geometry": { "type": "Polygon", "coordinates": [ [ [ 122.120394832260004, -1.001339844209391 ], [ 122.119267418828073, -0.103631268825953 ], [ 121.214361708188676, -0.104626677924338 ], [ 121.215241455887195, -1.00233539981915 ], [ 122.120394832260004, -1.001339844209391 ] ] ] } },
{ "type": "Feature", "properties": { "cell_id": 267, "kekayaan_spesies": null, "total_individu": null, "jumlah_lokasi": null }, "geometry": { "type": "Polygon", "coordinates": [ [ [ 122.119267418828073, -0.103631268825953 ], [ 122.11814062218788, 0.794298218230972 ], [ 121.213482441787761, 0.793302717751327 ], [ 121.214361708188676, -0.104626677924338 ], [ 122.119267418828073, -0.103631268825953 ] ] ] } },
{ "type": "Feature", "properties": { "cell_id": 268, "kekayaan_spesies": null, "total_individu": null, "jumlah_lokasi": null }, "geometry": { "type": "Polygon", "coordinates": [ [ [ 122.11814062218788, 0.794298218230972 ], [ 122.117014441833362, 1.69266339272684 ], [ 121.212603656289659, 1.691667562575552 ], [ 121.213482441787761, 0.793302717751327 ], [ 122.11814062218788, 0.794298218230972 ] ] ] } },
{ "type": "Feature", "properties": { "cell_id": 269, "kekayaan_spesies": null, "total_individu": null, "jumlah_lokasi": null }, "geometry": { "type": "Polygon", "coordinates": [ [ [ 123.04072328459786, -10.922379457811662 ], [ 123.039339889873816, -10.01266950359685 ], [ 122.131703001844926, -10.013929247294641 ], [ 122.132837233541949, -10.923642806597524 ], [ 123.04072328459786, -10.922379457811662 ] ] ] } },
{ "type": "Feature", "properties": { "cell_id": 270, "kekayaan_spesies": null, "total_individu": null, "jumlah_lokasi": null }, "geometry": { "type": "Polygon", "coordinates": [ [ [ 123.037957254268775, -9.105188257733824 ], [ 123.036575377158059, -8.199697000219661 ], [ 122.129436405122661, -8.200950535922173 ], [ 122.130569392542554, -9.106444732883366 ], [ 123.037957254268775, -9.105188257733824 ] ] ] } },
{ "type": "Feature", "properties": { "cell_id": 271, "kekayaan_spesies": null, "total_individu": null, "jumlah_lokasi": null }, "geometry": { "type": "Polygon", "coordinates": [ [ [ 123.036575377158059, -8.199697000219661 ], [ 123.035194257917723, -7.295961869053179 ], [ 122.128304039073697, -7.297212787829895 ], [ 122.129436405122661, -8.200950535922173 ], [ 123.036575377158059, -8.199697000219661 ] ] ] } },
{ "type": "Feature", "properties": { "cell_id": 272, "kekayaan_spesies": null, "total_individu": null, "jumlah_lokasi": null }, "geometry": { "type": "Polygon", "coordinates": [ [ [ 123.033813895924439, -6.393753262104489 ], [ 123.032434290555585, -5.492845267087197 ], [ 122.12604116904491, -5.494091897295381 ], [ 122.127172293884598, -6.395001880712047 ], [ 123.033813895924439, -6.393753262104489 ] ] ] } },
{ "type": "Feature", "properties": { "cell_id": 273, "kekayaan_spesies": null, "total_individu": null, "jumlah_lokasi": null }, "geometry": { "type": "Polygon", "coordinates": [ [ [ 123.032434290555585, -5.492845267087197 ], [ 123.031055441189295, -4.593015115538804 ], [ 122.124910664044691, -4.594260064876202 ], [ 122.12604116904491, -5.494091897295381 ], [ 123.032434290555585, -5.492845267087197 ] ] ] } },
{ "type": "Feature", "properties": { "cell_id": 274, "kekayaan_spesies": null, "total_individu": null, "jumlah_lokasi": null }, "geometry": { "type": "Polygon", "coordinates": [ [ [ 123.031055441189295, -4.593015115538804 ], [ 123.029677347204284, -3.694042657003733 ], [ 122.123780778374623, -3.695286229478504 ], [ 122.124910664044691, -4.594260064876202 ], [ 123.031055441189295, -4.593015115538804 ] ] ] } },
{ "type": "Feature", "properties": { "cell_id": 275, "kekayaan_spesies": null, "total_individu": null, "jumlah_lokasi": null }, "geometry": { "type": "Polygon", "coordinates": [ [ [ 123.029677347204284, -3.694042657003733 ], [ 123.028300007979965, -2.795709849885729 ], [ 122.122651511525874, -2.796952346684582 ], [ 122.123780778374623, -3.695286229478504 ], [ 123.029677347204284, -3.694042657003733 ] ] ] } },
{ "type": "Feature", "properties": { "cell_id": 276, "kekayaan_spesies": null, "total_individu": null, "jumlah_lokasi": null }, "geometry": { "type": "Polygon", "coordinates": [ [ [ 123.028300007979965, -2.795709849885729 ], [ 123.026923422896502, -1.897800265634084 ], [ 122.121522862990233, -1.899041985802549 ], [ 122.122651511525874, -2.796952346684582 ], [ 123.028300007979965, -2.795709849885729 ] ] ] } },
{ "type": "Feature", "properties": { "cell_id": 277, "kekayaan_spesies": null, "total_individu": null, "jumlah_lokasi": null }, "geometry": { "type": "Polygon", "coordinates": [ [ [ 123.026923422896502, -1.897800265634084 ], [ 123.025547591334643, -1.00009860309908 ], [ 122.120394832260004, -1.001339844209391 ], [ 122.121522862990233, -1.899041985802549 ], [ 123.026923422896502, -1.897800265634084 ] ] ] } },
{ "type": "Feature", "properties": { "cell_id": 278, "kekayaan_spesies": null, "total_individu": null, "jumlah_lokasi": null }, "geometry": { "type": "Polygon", "coordinates": [ [ [ 123.025547591334643, -1.00009860309908 ], [ 123.024172512675889, -0.102390210014479 ], [ 122.119267418828073, -0.103631268825953 ], [ 122.120394832260004, -1.001339844209391 ], [ 123.025547591334643, -1.00009860309908 ] ] ] } },
{ "type": "Feature", "properties": { "cell_id": 279, "kekayaan_spesies": 11.0, "total_individu": 91.0, "jumlah_lokasi": 1.0 }, "geometry": { "type": "Polygon", "coordinates": [ [ [ 123.024172512675889, -0.102390210014479 ], [ 123.022798186302367, 0.795539391345179 ], [ 122.11814062218788, 0.794298218230972 ], [ 122.119267418828073, -0.103631268825953 ], [ 123.024172512675889, -0.102390210014479 ] ] ] } },
{ "type": "Feature", "properties": { "cell_id": 280, "kekayaan_spesies": null, "total_individu": null, "jumlah_lokasi": null }, "geometry": { "type": "Polygon", "coordinates": [ [ [ 123.022798186302367, 0.795539391345179 ], [ 123.021424611596913, 1.693904977240301 ], [ 122.117014441833362, 1.69266339272684 ], [ 122.11814062218788, 0.794298218230972 ], [ 123.022798186302367, 0.795539391345179 ] ] ] } },
{ "type": "Feature", "properties": { "cell_id": 281, "kekayaan_spesies": 18.0, "total_individu": 190.0, "jumlah_lokasi": 5.0 }, "geometry": { "type": "Polygon", "coordinates": [ [ [ 123.948608575909518, -10.920866054191197 ], [ 123.946976018783829, -10.011160418017663 ], [ 123.039339889873816, -10.01266950359685 ], [ 123.04072328459786, -10.922379457811662 ], [ 123.948608575909518, -10.920866054191197 ] ] ] } },
{ "type": "Feature", "properties": { "cell_id": 282, "kekayaan_spesies": null, "total_individu": null, "jumlah_lokasi": null }, "geometry": { "type": "Polygon", "coordinates": [ [ [ 123.946976018783829, -10.011160418017663 ], [ 123.945344357500773, -9.10368308705627 ], [ 123.037957254268775, -9.105188257733824 ], [ 123.039339889873816, -10.01266950359685 ], [ 123.946976018783829, -10.011160418017663 ] ] ] } },
{ "type": "Feature", "properties": { "cell_id": 283, "kekayaan_spesies": null, "total_individu": null, "jumlah_lokasi": null }, "geometry": { "type": "Polygon", "coordinates": [ [ [ 123.945344357500773, -9.10368308705627 ], [ 123.943713591323231, -8.198195350214457 ], [ 123.036575377158059, -8.199697000219661 ], [ 123.037957254268775, -9.105188257733824 ], [ 123.945344357500773, -9.10368308705627 ] ] ] } },
{ "type": "Feature", "properties": { "cell_id": 284, "kekayaan_spesies": null, "total_individu": null, "jumlah_lokasi": null }, "geometry": { "type": "Polygon", "coordinates": [ [ [ 123.943713591323231, -8.198195350214457 ], [ 123.942083719514798, -7.294463353371572 ], [ 123.035194257917723, -7.295961869053179 ], [ 123.036575377158059, -8.199697000219661 ], [ 123.943713591323231, -8.198195350214457 ] ] ] } },
{ "type": "Feature", "properties": { "cell_id": 285, "kekayaan_spesies": null, "total_individu": null, "jumlah_lokasi": null }, "geometry": { "type": "Polygon", "coordinates": [ [ [ 123.940454741339934, -6.392257501303999 ], [ 123.938826656063895, -5.491351887696092 ], [ 123.032434290555585, -5.492845267087197 ], [ 123.033813895924439, -6.393753262104489 ], [ 123.940454741339934, -6.392257501303999 ] ] ] } },
{ "type": "Feature", "properties": { "cell_id": 286, "kekayaan_spesies": null, "total_individu": null, "jumlah_lokasi": null }, "geometry": { "type": "Polygon", "coordinates": [ [ [ 123.938826656063895, -5.491351887696092 ], [ 123.937199462952748, -4.591523749164981 ], [ 123.031055441189295, -4.593015115538804 ], [ 123.032434290555585, -5.492845267087197 ], [ 123.938826656063895, -5.491351887696092 ] ] ] } },
{ "type": "Feature", "properties": { "cell_id": 287, "kekayaan_spesies": null, "total_individu": null, "jumlah_lokasi": null }, "geometry": { "type": "Polygon", "coordinates": [ [ [ 123.937199462952748, -4.591523749164981 ], [ 123.935573161273339, -3.692552939469874 ], [ 123.029677347204284, -3.694042657003733 ], [ 123.031055441189295, -4.593015115538804 ], [ 123.937199462952748, -4.591523749164981 ] ] ] } },
{ "type": "Feature", "properties": { "cell_id": 288, "kekayaan_spesies": null, "total_individu": null, "jumlah_lokasi": null }, "geometry": { "type": "Polygon", "coordinates": [ [ [ 123.935573161273339, -3.692552939469874 ], [ 123.933947750293342, -2.794221420395715 ], [ 123.028300007979965, -2.795709849885729 ], [ 123.029677347204284, -3.694042657003733 ], [ 123.935573161273339, -3.692552939469874 ] ] ] } },
{ "type": "Feature", "properties": { "cell_id": 289, "kekayaan_spesies": null, "total_individu": null, "jumlah_lokasi": null }, "geometry": { "type": "Polygon", "coordinates": [ [ [ 123.933947750293342, -2.794221420395715 ], [ 123.932323229281252, -1.896312765953853 ], [ 123.026923422896502, -1.897800265634084 ], [ 123.028300007979965, -2.795709849885729 ], [ 123.933947750293342, -2.794221420395715 ] ] ] } },
{ "type": "Feature", "properties": { "cell_id": 290, "kekayaan_spesies": null, "total_individu": null, "jumlah_lokasi": null }, "geometry": { "type": "Polygon", "coordinates": [ [ [ 123.932323229281252, -1.896312765953853 ], [ 123.93069959750629, -0.99861167675865 ], [ 123.025547591334643, -1.00009860309908 ], [ 123.026923422896502, -1.897800265634084 ], [ 123.932323229281252, -1.896312765953853 ] ] ] } },
{ "type": "Feature", "properties": { "cell_id": 291, "kekayaan_spesies": null, "total_individu": null, "jumlah_lokasi": null }, "geometry": { "type": "Polygon", "coordinates": [ [ [ 123.93069959750629, -0.99861167675865 ], [ 123.929076854238559, -0.100903501515965 ], [ 123.024172512675889, -0.102390210014479 ], [ 123.025547591334643, -1.00009860309908 ], [ 123.93069959750629, -0.99861167675865 ] ] ] } },
{ "type": "Feature", "properties": { "cell_id": 292, "kekayaan_spesies": null, "total_individu": null, "jumlah_lokasi": null }, "geometry": { "type": "Polygon", "coordinates": [ [ [ 123.929076854238559, -0.100903501515965 ], [ 123.927454998748914, 0.797026237310257 ], [ 123.022798186302367, 0.795539391345179 ], [ 123.024172512675889, -0.102390210014479 ], [ 123.929076854238559, -0.100903501515965 ] ] ] } },
{ "type": "Feature", "properties": { "cell_id": 293, "kekayaan_spesies": null, "total_individu": null, "jumlah_lokasi": null }, "geometry": { "type": "Polygon", "coordinates": [ [ [ 123.927454998748914, 0.797026237310257 ], [ 123.925834030308991, 1.695392316576291 ], [ 123.021424611596913, 1.693904977240301 ], [ 123.022798186302367, 0.795539391345179 ], [ 123.927454998748914, 0.797026237310257 ] ] ] } },
{ "type": "Feature", "properties": { "cell_id": 294, "kekayaan_spesies": null, "total_individu": null, "jumlah_lokasi": null }, "geometry": { "type": "Polygon", "coordinates": [ [ [ 124.856492970640673, -10.919102599461064 ], [ 124.85461125185131, -10.009401993943145 ], [ 123.946976018783829, -10.011160418017663 ], [ 123.948608575909518, -10.920866054191197 ], [ 124.856492970640673, -10.919102599461064 ] ] ] } },
{ "type": "Feature", "properties": { "cell_id": 295, "kekayaan_spesies": null, "total_individu": null, "jumlah_lokasi": null }, "geometry": { "type": "Polygon", "coordinates": [ [ [ 124.85461125185131, -10.009401993943145 ], [ 124.852730565627425, -9.101929223907785 ], [ 123.945344357500773, -9.10368308705627 ], [ 123.946976018783829, -10.011160418017663 ], [ 124.85461125185131, -10.009401993943145 ] ] ] } },
{ "type": "Feature", "properties": { "cell_id": 296, "kekayaan_spesies": null, "total_individu": null, "jumlah_lokasi": null }, "geometry": { "type": "Polygon", "coordinates": [ [ [ 124.852730565627425, -9.101929223907785 ], [ 124.850850911119394, -8.19644558864208 ], [ 123.943713591323231, -8.198195350214457 ], [ 123.945344357500773, -9.10368308705627 ], [ 124.852730565627425, -9.101929223907785 ] ] ] } },
{ "type": "Feature", "properties": { "cell_id": 297, "kekayaan_spesies": null, "total_individu": null, "jumlah_lokasi": null }, "geometry": { "type": "Polygon", "coordinates": [ [ [ 124.850850911119394, -8.19644558864208 ], [ 124.848972287478432, -7.292717243206628 ], [ 123.942083719514798, -7.294463353371572 ], [ 123.943713591323231, -8.198195350214457 ], [ 124.850850911119394, -8.19644558864208 ] ] ] } },
{ "type": "Feature", "properties": { "cell_id": 298, "kekayaan_spesies": null, "total_individu": null, "jumlah_lokasi": null }, "geometry": { "type": "Polygon", "coordinates": [ [ [ 124.847094693856732, -6.390514600421031 ], [ 124.845218129407428, -5.489611760926906 ], [ 123.938826656063895, -5.491351887696092 ], [ 123.940454741339934, -6.392257501303999 ], [ 124.847094693856732, -6.390514600421031 ] ] ] } },
{ "type": "Feature", "properties": { "cell_id": 299, "kekayaan_spesies": null, "total_individu": null, "jumlah_lokasi": null }, "geometry": { "type": "Polygon", "coordinates": [ [ [ 124.839594602638982, -2.792487059124582 ], [ 124.837722146428973, -1.894579487378481 ], [ 123.932323229281252, -1.896312765953853 ], [ 123.933947750293342, -2.794221420395715 ], [ 124.839594602638982, -2.792487059124582 ] ] ] } },
{ "type": "Feature", "properties": { "cell_id": 300, "kekayaan_spesies": null, "total_individu": null, "jumlah_lokasi": null }, "geometry": { "type": "Polygon", "coordinates": [ [ [ 124.837722146428973, -1.894579487378481 ], [ 124.835850715170849, -0.996879065512227 ], [ 123.93069959750629, -0.99861167675865 ], [ 123.932323229281252, -1.896312765953853 ], [ 124.837722146428973, -1.894579487378481 ] ] ] } },
{ "type": "Feature", "properties": { "cell_id": 301, "kekayaan_spesies": null, "total_individu": null, "jumlah_lokasi": null }, "geometry": { "type": "Polygon", "coordinates": [ [ [ 124.833980308023271, -0.09917114336336 ], [ 124.832110924145823, 0.798758756385983 ], [ 123.927454998748914, 0.797026237310257 ], [ 123.929076854238559, -0.100903501515965 ], [ 124.833980308023271, -0.09917114336336 ] ] ] } },
{ "type": "Feature", "properties": { "cell_id": 302, "kekayaan_spesies": null, "total_individu": null, "jumlah_lokasi": null }, "geometry": { "type": "Polygon", "coordinates": [ [ [ 124.832110924145823, 0.798758756385983 ], [ 124.830242562699041, 1.697125411286594 ], [ 123.925834030308991, 1.695392316576291 ], [ 123.927454998748914, 0.797026237310257 ], [ 124.832110924145823, 0.798758756385983 ] ] ] } },
{ "type": "Feature", "properties": { "cell_id": 303, "kekayaan_spesies": null, "total_individu": null, "jumlah_lokasi": null }, "geometry": { "type": "Polygon", "coordinates": [ [ [ 125.762245452353454, -10.007394235318444 ], [ 125.760115742038437, -9.099926671850984 ], [ 124.852730565627425, -9.101929223907785 ], [ 124.85461125185131, -10.009401993943145 ], [ 125.762245452353454, -10.007394235318444 ] ] ] } },
{ "type": "Feature", "properties": { "cell_id": 304, "kekayaan_spesies": 2.0, "total_individu": 133.0, "jumlah_lokasi": 1.0 }, "geometry": { "type": "Polygon", "coordinates": [ [ [ 125.760115742038437, -9.099926671850984 ], [ 125.757987200048646, -8.194447718690265 ], [ 124.850850911119394, -8.19644558864208 ], [ 124.852730565627425, -9.101929223907785 ], [ 125.760115742038437, -9.099926671850984 ] ] ] } },
{ "type": "Feature", "properties": { "cell_id": 305, "kekayaan_spesies": null, "total_individu": null, "jumlah_lokasi": null }, "geometry": { "type": "Polygon", "coordinates": [ [ [ 125.757987200048646, -8.194447718690265 ], [ 125.755859825422945, -7.290723541376984 ], [ 124.848972287478432, -7.292717243206628 ], [ 124.850850911119394, -8.19644558864208 ], [ 125.757987200048646, -8.194447718690265 ] ] ] } },
{ "type": "Feature", "properties": { "cell_id": 306, "kekayaan_spesies": null, "total_individu": null, "jumlah_lokasi": null }, "geometry": { "type": "Polygon", "coordinates": [ [ [ 125.74524042919063, -2.790506767131267 ], [ 125.74312003862498, -1.892600430624427 ], [ 124.837722146428973, -1.894579487378481 ], [ 124.839594602638982, -2.792487059124582 ], [ 125.74524042919063, -2.790506767131267 ] ] ] } },
{ "type": "Feature", "properties": { "cell_id": 307, "kekayaan_spesies": null, "total_individu": null, "jumlah_lokasi": null }, "geometry": { "type": "Polygon", "coordinates": [ [ [ 125.74312003862498, -1.892600430624427 ], [ 125.741000808725005, -0.994900769735804 ], [ 124.835850715170849, -0.996879065512227 ], [ 124.837722146428973, -1.894579487378481 ], [ 125.74312003862498, -1.892600430624427 ] ] ] } },
{ "type": "Feature", "properties": { "cell_id": 308, "kekayaan_spesies": null, "total_individu": null, "jumlah_lokasi": null }, "geometry": { "type": "Polygon", "coordinates": [ [ [ 125.736765827112251, 0.800736948875578 ], [ 125.734650073497136, 1.699104262016267 ], [ 124.830242562699041, 1.697125411286594 ], [ 124.832110924145823, 0.798758756385983 ], [ 125.736765827112251, 0.800736948875578 ] ] ] } },
{ "type": "Feature", "properties": { "cell_id": 309, "kekayaan_spesies": null, "total_individu": null, "jumlah_lokasi": null }, "geometry": { "type": "Polygon", "coordinates": [ [ [ 125.734650073497136, 1.699104262016267 ], [ 125.732535476743024, 2.5981243581522 ], [ 124.828375222844329, 2.596144373818066 ], [ 124.830242562699041, 1.697125411286594 ], [ 125.734650073497136, 1.699104262016267 ] ] ] } },
{ "type": "Feature", "properties": { "cell_id": 310, "kekayaan_spesies": null, "total_individu": null, "jumlah_lokasi": null }, "geometry": { "type": "Polygon", "coordinates": [ [ [ 125.732535476743024, 2.5981243581522 ], [ 125.730422035901398, 3.498014046828608 ], [ 124.826508903744013, 3.496032450621593 ], [ 124.828375222844329, 2.596144373818066 ], [ 125.732535476743024, 2.5981243581522 ] ] ] } },
{ "type": "Feature", "properties": { "cell_id": 311, "kekayaan_spesies": null, "total_individu": null, "jumlah_lokasi": null }, "geometry": { "type": "Polygon", "coordinates": [ [ [ 125.730422035901398, 3.498014046828608 ], [ 125.728309750024636, 4.398991879549373 ], [ 124.824643604561402, 4.397008189219011 ], [ 124.826508903744013, 3.496032450621593 ], [ 125.730422035901398, 3.498014046828608 ] ] ] } },
{ "type": "Feature", "properties": { "cell_id": 312, "kekayaan_spesies": null, "total_individu": null, "jumlah_lokasi": null }, "geometry": { "type": "Polygon", "coordinates": [ [ [ 126.665122321613936, -8.192201743995279 ], [ 126.662746196963582, -7.288482251100739 ], [ 125.755859825422945, -7.290723541376984 ], [ 125.757987200048646, -8.194447718690265 ], [ 126.665122321613936, -8.192201743995279 ] ] ] } },
{ "type": "Feature", "properties": { "cell_id": 313, "kekayaan_spesies": null, "total_individu": null, "jumlah_lokasi": null }, "geometry": { "type": "Polygon", "coordinates": [ [ [ 126.655625635455735, -4.585571164093112 ], [ 126.653254715534246, -3.686606929561384 ], [ 125.747361981375732, -3.688835074246735 ], [ 125.749484696135141, -4.58780177156788 ], [ 126.655625635455735, -4.585571164093112 ] ] ] } },
{ "type": "Feature", "properties": { "cell_id": 314, "kekayaan_spesies": null, "total_individu": null, "jumlah_lokasi": null }, "geometry": { "type": "Polygon", "coordinates": [ [ [ 126.653254715534246, -3.686606929561384 ], [ 126.650885094122998, -2.788280545623437 ], [ 125.74524042919063, -2.790506767131267 ], [ 125.747361981375732, -3.688835074246735 ], [ 126.653254715534246, -3.686606929561384 ] ] ] } },
{ "type": "Feature", "properties": { "cell_id": 315, "kekayaan_spesies": null, "total_individu": null, "jumlah_lokasi": null }, "geometry": { "type": "Polygon", "coordinates": [ [ [ 126.650885094122998, -2.788280545623437 ], [ 126.648516770155453, -1.890375596509215 ], [ 125.74312003862498, -1.892600430624427 ], [ 125.74524042919063, -2.790506767131267 ], [ 126.650885094122998, -2.788280545623437 ] ] ] } },
{ "type": "Feature", "properties": { "cell_id": 316, "kekayaan_spesies": null, "total_individu": null, "jumlah_lokasi": null }, "geometry": { "type": "Polygon", "coordinates": [ [ [ 126.648516770155453, -1.890375596509215 ], [ 126.646149742566365, -0.992676789856831 ], [ 125.741000808725005, -0.994900769735804 ], [ 125.74312003862498, -1.892600430624427 ], [ 126.648516770155453, -1.890375596509215 ] ] ] } },
{ "type": "Feature", "properties": { "cell_id": 317, "kekayaan_spesies": null, "total_individu": null, "jumlah_lokasi": null }, "geometry": { "type": "Polygon", "coordinates": [ [ [ 126.641419572268219, 0.802960815127488 ], [ 126.639056427434411, 1.70132886950145 ], [ 125.734650073497136, 1.699104262016267 ], [ 125.736765827112251, 0.800736948875578 ], [ 126.641419572268219, 0.802960815127488 ] ] ] } },
{ "type": "Feature", "properties": { "cell_id": 318, "kekayaan_spesies": null, "total_individu": null, "jumlah_lokasi": null }, "geometry": { "type": "Polygon", "coordinates": [ [ [ 126.634334013094005, 3.500241743266363 ], [ 126.631974741469634, 4.401221931453399 ], [ 125.728309750024636, 4.398991879549373 ], [ 125.730422035901398, 3.498014046828608 ], [ 126.634334013094005, 3.500241743266363 ] ] ] } },
{ "type": "Feature", "properties": { "cell_id": 319, "kekayaan_spesies": null, "total_individu": null, "jumlah_lokasi": null }, "geometry": { "type": "Polygon", "coordinates": [ [ [ 126.629616758799244, 5.303511602308319 ], [ 126.627260064026771, 6.207334303831141 ], [ 125.724088639380952, 6.205097890381687 ], [ 125.726198618166322, 5.301278647066494 ], [ 126.629616758799244, 5.303511602308319 ] ] ] } },
{ "type": "Feature", "properties": { "cell_id": 320, "kekayaan_spesies": null, "total_individu": null, "jumlah_lokasi": null }, "geometry": { "type": "Polygon", "coordinates": [ [ [ 127.57225613931935, -8.18970766864515 ], [ 127.569631265716694, -7.285993375992268 ], [ 126.662746196963582, -7.288482251100739 ], [ 126.665122321613936, -8.192201743995279 ], [ 127.57225613931935, -8.18970766864515 ] ] ] } },
{ "type": "Feature", "properties": { "cell_id": 321, "kekayaan_spesies": null, "total_individu": null, "jumlah_lokasi": null }, "geometry": { "type": "Polygon", "coordinates": [ [ [ 127.567007831284329, -6.383803083589616 ], [ 127.564385834838973, -5.482910918853526 ], [ 126.657997854955056, -5.48539127395871 ], [ 126.660371375101036, -6.386287388585215 ], [ 127.567007831284329, -6.383803083589616 ] ] ] } },
{ "type": "Feature", "properties": { "cell_id": 322, "kekayaan_spesies": null, "total_individu": null, "jumlah_lokasi": null }, "geometry": { "type": "Polygon", "coordinates": [ [ [ 127.561765275198695, -4.583094147077828 ], [ 127.559146151182773, -3.684132645825303 ], [ 126.653254715534246, -3.686606929561384 ], [ 126.655625635455735, -4.585571164093112 ], [ 127.561765275198695, -4.583094147077828 ] ] ] } },
{ "type": "Feature", "properties": { "cell_id": 323, "kekayaan_spesies": null, "total_individu": null, "jumlah_lokasi": null }, "geometry": { "type": "Polygon", "coordinates": [ [ [ 127.559146151182773, -3.684132645825303 ], [ 127.556528461611776, -2.785808395956932 ], [ 126.650885094122998, -2.788280545623437 ], [ 126.653254715534246, -3.686606929561384 ], [ 127.559146151182773, -3.684132645825303 ] ] ] } },
{ "type": "Feature", "properties": { "cell_id": 324, "kekayaan_spesies": null, "total_individu": null, "jumlah_lokasi": null }, "geometry": { "type": "Polygon", "coordinates": [ [ [ 127.553912205307682, -1.887904985949151 ], [ 127.551297381093619, -0.990207126356196 ], [ 126.646149742566365, -0.992676789856831 ], [ 126.648516770155453, -1.890375596509215 ], [ 127.553912205307682, -1.887904985949151 ] ] ] } },
{ "type": "Feature", "properties": { "cell_id": 325, "kekayaan_spesies": null, "total_individu": null, "jumlah_lokasi": null }, "geometry": { "type": "Polygon", "coordinates": [ [ [ 127.551297381093619, -0.990207126356196 ], [ 127.548683987794092, -0.092500171360388 ], [ 126.643784010291625, -0.094969478243581 ], [ 126.646149742566365, -0.992676789856831 ], [ 127.551297381093619, -0.990207126356196 ] ] ] } },
{ "type": "Feature", "properties": { "cell_id": 326, "kekayaan_spesies": null, "total_individu": null, "jumlah_lokasi": null }, "geometry": { "type": "Polygon", "coordinates": [ [ [ 127.548683987794092, -0.092500171360388 ], [ 127.54607202423486, 0.805430355534928 ], [ 126.641419572268219, 0.802960815127488 ], [ 126.643784010291625, -0.094969478243581 ], [ 127.548683987794092, -0.092500171360388 ] ] ] } },
{ "type": "Feature", "properties": { "cell_id": 327, "kekayaan_spesies": null, "total_individu": null, "jumlah_lokasi": null }, "geometry": { "type": "Polygon", "coordinates": [ [ [ 127.54607202423486, 0.805430355534928 ], [ 127.543461489242915, 1.703799234573169 ], [ 126.639056427434411, 1.70132886950145 ], [ 126.641419572268219, 0.802960815127488 ], [ 127.54607202423486, 0.805430355534928 ] ] ] } },
{ "type": "Feature", "properties": { "cell_id": 328, "kekayaan_spesies": null, "total_individu": null, "jumlah_lokasi": null }, "geometry": { "type": "Polygon", "coordinates": [ [ [ 127.538244700275712, 3.502715541646902 ], [ 127.535638443960892, 4.40369834708715 ], [ 126.631974741469634, 4.401221931453399 ], [ 126.634334013094005, 3.500241743266363 ], [ 127.538244700275712, 3.502715541646902 ] ] ] } },
{ "type": "Feature", "properties": { "cell_id": 329, "kekayaan_spesies": null, "total_individu": null, "jumlah_lokasi": null }, "geometry": { "type": "Polygon", "coordinates": [ [ [ 127.535638443960892, 4.40369834708715 ], [ 127.533033611534421, 5.3059912436107 ], [ 126.629616758799244, 5.303511602308319 ], [ 126.631974741469634, 4.401221931453399 ], [ 127.535638443960892, 4.40369834708715 ] ] ] } },
{ "type": "Feature", "properties": { "cell_id": 330, "kekayaan_spesies": null, "total_individu": null, "jumlah_lokasi": null }, "geometry": { "type": "Polygon", "coordinates": [ [ [ 128.482263714888916, -9.092426925397923 ], [ 128.479388516670099, -8.186965497176214 ], [ 127.57225613931935, -8.18970766864515 ], [ 127.574882453276899, -9.095175517776124 ], [ 128.482263714888916, -9.092426925397923 ] ] ] } },
{ "type": "Feature", "properties": { "cell_id": 331, "kekayaan_spesies": null, "total_individu": null, "jumlah_lokasi": null }, "geometry": { "type": "Polygon", "coordinates": [ [ [ 128.479388516670099, -8.186965497176214 ], [ 128.476514895299687, -7.283256920064558 ], [ 127.569631265716694, -7.285993375992268 ], [ 127.57225613931935, -8.18970766864515 ], [ 128.479388516670099, -8.186965497176214 ] ] ] } },
{ "type": "Feature", "properties": { "cell_id": 332, "kekayaan_spesies": null, "total_individu": null, "jumlah_lokasi": null }, "geometry": { "type": "Polygon", "coordinates": [ [ [ 128.470772377918081, -5.480183826555581 ], [ 128.467903479317499, -4.580370723011161 ], [ 127.561765275198695, -4.583094147077828 ], [ 127.564385834838973, -5.482910918853526 ], [ 128.470772377918081, -5.480183826555581 ] ] ] } },
{ "type": "Feature", "properties": { "cell_id": 333, "kekayaan_spesies": null, "total_individu": null, "jumlah_lokasi": null }, "geometry": { "type": "Polygon", "coordinates": [ [ [ 128.467903479317499, -4.580370723011161 ], [ 128.465036152386517, -3.681412225033305 ], [ 127.559146151182773, -3.684132645825303 ], [ 127.561765275198695, -4.583094147077828 ], [ 128.467903479317499, -4.580370723011161 ] ] ] } },
{ "type": "Feature", "properties": { "cell_id": 334, "kekayaan_spesies": null, "total_individu": null, "jumlah_lokasi": null }, "geometry": { "type": "Polygon", "coordinates": [ [ [ 128.465036152386517, -3.681412225033305 ], [ 128.462170395833965, -2.783090319635921 ], [ 127.556528461611776, -2.785808395956932 ], [ 127.559146151182773, -3.684132645825303 ], [ 128.465036152386517, -3.681412225033305 ] ] ] } },
{ "type": "Feature", "properties": { "cell_id": 335, "kekayaan_spesies": null, "total_individu": null, "jumlah_lokasi": null }, "geometry": { "type": "Polygon", "coordinates": [ [ [ 128.459306208370066, -1.885188599960227 ], [ 128.456443588706549, -0.987491779764039 ], [ 127.551297381093619, -0.990207126356196 ], [ 127.553912205307682, -1.887904985949151 ], [ 128.459306208370066, -1.885188599960227 ] ] ] } },
{ "type": "Feature", "properties": { "cell_id": 336, "kekayaan_spesies": null, "total_individu": null, "jumlah_lokasi": null }, "geometry": { "type": "Polygon", "coordinates": [ [ [ 128.456443588706549, -0.987491779764039 ], [ 128.453582535556478, -0.089785214988065 ], [ 127.548683987794092, -0.092500171360388 ], [ 127.551297381093619, -0.990207126356196 ], [ 128.456443588706549, -0.987491779764039 ] ] ] } },
{ "type": "Feature", "properties": { "cell_id": 337, "kekayaan_spesies": 34.0, "total_individu": 253.0, "jumlah_lokasi": 3.0 }, "geometry": { "type": "Polygon", "coordinates": [ [ [ 128.453582535556478, -0.089785214988065 ], [ 128.450723047634341, 0.808145570535739 ], [ 127.54607202423486, 0.805430355534928 ], [ 127.548683987794092, -0.092500171360388 ], [ 128.453582535556478, -0.089785214988065 ] ] ] } },
{ "type": "Feature", "properties": { "cell_id": 338, "kekayaan_spesies": null, "total_individu": null, "jumlah_lokasi": null }, "geometry": { "type": "Polygon", "coordinates": [ [ [ 128.450723047634341, 0.808145570535739 ], [ 128.447865123656015, 1.706515358155388 ], [ 127.543461489242915, 1.703799234573169 ], [ 127.54607202423486, 0.805430355534928 ], [ 128.450723047634341, 0.808145570535739 ] ] ] } },
{ "type": "Feature", "properties": { "cell_id": 339, "kekayaan_spesies": null, "total_individu": null, "jumlah_lokasi": null }, "geometry": { "type": "Polygon", "coordinates": [ [ [ 128.447865123656015, 1.706515358155388 ], [ 128.445008762338801, 2.605539709120904 ], [ 127.540852381646687, 2.602822024462496 ], [ 127.543461489242915, 1.703799234573169 ], [ 128.447865123656015, 1.706515358155388 ] ] ] } },
{ "type": "Feature", "properties": { "cell_id": 340, "kekayaan_spesies": null, "total_individu": null, "jumlah_lokasi": null }, "geometry": { "type": "Polygon", "coordinates": [ [ [ 129.389643398354508, -9.089429663387907 ], [ 129.386519317172713, -8.183975234574243 ], [ 128.479388516670099, -8.186965497176214 ], [ 128.482263714888916, -9.092426925397923 ], [ 129.389643398354508, -9.089429663387907 ] ] ] } },
{ "type": "Feature", "properties": { "cell_id": 341, "kekayaan_spesies": null, "total_individu": null, "jumlah_lokasi": null }, "geometry": { "type": "Polygon", "coordinates": [ [ [ 129.386519317172713, -8.183975234574243 ], [ 129.38339694933137, -7.280272887726888 ], [ 128.476514895299687, -7.283256920064558 ], [ 128.479388516670099, -8.186965497176214 ], [ 129.386519317172713, -8.183975234574243 ] ] ] } },
{ "type": "Feature", "properties": { "cell_id": 342, "kekayaan_spesies": null, "total_individu": null, "jumlah_lokasi": null }, "geometry": { "type": "Polygon", "coordinates": [ [ [ 129.38339694933137, -7.280272887726888 ], [ 129.380276293421389, -6.378093092929077 ], [ 128.473642849480797, -6.381071650423107 ], [ 128.476514895299687, -7.283256920064558 ], [ 129.38339694933137, -7.280272887726888 ] ] ] } },
{ "type": "Feature", "properties": { "cell_id": 343, "kekayaan_spesies": null, "total_individu": null, "jumlah_lokasi": null }, "geometry": { "type": "Polygon", "coordinates": [ [ [ 129.374040111766959, -4.577400894628102 ], [ 129.370924583212087, -3.678445669374959 ], [ 128.465036152386517, -3.681412225033305 ], [ 128.467903479317499, -4.580370723011161 ], [ 129.374040111766959, -4.577400894628102 ] ] ] } },
{ "type": "Feature", "properties": { "cell_id": 344, "kekayaan_spesies": null, "total_individu": null, "jumlah_lokasi": null }, "geometry": { "type": "Polygon", "coordinates": [ [ [ 129.370924583212087, -3.678445669374959 ], [ 129.367810760967643, -2.780126318310857 ], [ 128.462170395833965, -2.783090319635921 ], [ 128.465036152386517, -3.681412225033305 ], [ 129.370924583212087, -3.678445669374959 ] ] ] } },
{ "type": "Feature", "properties": { "cell_id": 345, "kekayaan_spesies": null, "total_individu": null, "jumlah_lokasi": null }, "geometry": { "type": "Polygon", "coordinates": [ [ [ 129.358479518091173, -0.086824609175089 ], [ 129.355372507090237, 0.8111064606156 ], [ 128.450723047634341, 0.808145570535739 ], [ 128.453582535556478, -0.089785214988065 ], [ 129.358479518091173, -0.086824609175089 ] ] ] } },
{ "type": "Feature", "properties": { "cell_id": 346, "kekayaan_spesies": null, "total_individu": null, "jumlah_lokasi": null }, "geometry": { "type": "Polygon", "coordinates": [ [ [ 129.355372507090237, 0.8111064606156 ], [ 129.352267195408217, 1.709477241266939 ], [ 128.447865123656015, 1.706515358155388 ], [ 128.450723047634341, 0.808145570535739 ], [ 129.355372507090237, 0.8111064606156 ] ] ] } },
{ "type": "Feature", "properties": { "cell_id": 347, "kekayaan_spesies": null, "total_individu": null, "jumlah_lokasi": null }, "geometry": { "type": "Polygon", "coordinates": [ [ [ 129.352267195408217, 1.709477241266939 ], [ 129.349163581651368, 2.608503296806632 ], [ 128.445008762338801, 2.605539709120904 ], [ 128.447865123656015, 1.706515358155388 ], [ 129.352267195408217, 1.709477241266939 ] ] ] } },
{ "type": "Feature", "properties": { "cell_id": 348, "kekayaan_spesies": null, "total_individu": null, "jumlah_lokasi": null }, "geometry": { "type": "Polygon", "coordinates": [ [ [ 129.349163581651368, 2.608503296806632 ], [ 129.346061664427509, 3.508401452040004 ], [ 128.442153962401449, 3.505435443872984 ], [ 128.445008762338801, 2.605539709120904 ], [ 129.349163581651368, 2.608503296806632 ] ] ] } },
{ "type": "Feature", "properties": { "cell_id": 349, "kekayaan_spesies": null, "total_individu": null, "jumlah_lokasi": null }, "geometry": { "type": "Polygon", "coordinates": [ [ [ 130.293648404335158, -8.18073688627093 ], [ 130.290277291431948, -7.277041283783344 ], [ 129.38339694933137, -7.280272887726888 ], [ 129.386519317172713, -8.183975234574243 ], [ 130.293648404335158, -8.18073688627093 ] ] ] } },
{ "type": "Feature", "properties": { "cell_id": 350, "kekayaan_spesies": null, "total_individu": null, "jumlah_lokasi": null }, "geometry": { "type": "Polygon", "coordinates": [ [ [ 130.290277291431948, -7.277041283783344 ], [ 130.286908026838404, -6.374867415294317 ], [ 129.380276293421389, -6.378093092929077 ], [ 129.38339694933137, -7.280272887726888 ], [ 130.290277291431948, -7.277041283783344 ] ] ] } },
{ "type": "Feature", "properties": { "cell_id": 351, "kekayaan_spesies": null, "total_individu": null, "jumlah_lokasi": null }, "geometry": { "type": "Polygon", "coordinates": [ [ [ 130.286908026838404, -6.374867415294317 ], [ 130.283540609034873, -5.473989443818299 ], [ 129.377157348035269, -5.477210000350681 ], [ 129.380276293421389, -6.378093092929077 ], [ 130.286908026838404, -6.374867415294317 ] ] ] } },
{ "type": "Feature", "properties": { "cell_id": 352, "kekayaan_spesies": null, "total_individu": null, "jumlah_lokasi": null }, "geometry": { "type": "Polygon", "coordinates": [ [ [ 130.280175036503294, -4.574184664907592 ], [ 130.276811307727428, -3.675232981236439 ], [ 129.370924583212087, -3.678445669374959 ], [ 129.374040111766959, -4.577400894628102 ], [ 130.280175036503294, -4.574184664907592 ] ] ] } },
{ "type": "Feature", "properties": { "cell_id": 353, "kekayaan_spesies": null, "total_individu": null, "jumlah_lokasi": null }, "geometry": { "type": "Polygon", "coordinates": [ [ [ 130.276811307727428, -3.675232981236439 ], [ 130.27344942119251, -2.776916393779258 ], [ 129.367810760967643, -2.780126318310857 ], [ 129.370924583212087, -3.678445669374959 ], [ 130.276811307727428, -3.675232981236439 ] ] ] } },
{ "type": "Feature", "properties": { "cell_id": 354, "kekayaan_spesies": null, "total_individu": null, "jumlah_lokasi": null }, "geometry": { "type": "Polygon", "coordinates": [ [ [ 130.27344942119251, -2.776916393779258 ], [ 130.270089375385623, -1.879018506253781 ], [ 129.364698643632323, -1.882226439658048 ], [ 129.367810760967643, -2.780126318310857 ], [ 130.27344942119251, -2.776916393779258 ] ] ] } },
{ "type": "Feature", "properties": { "cell_id": 355, "kekayaan_spesies": null, "total_individu": null, "jumlah_lokasi": null }, "geometry": { "type": "Polygon", "coordinates": [ [ [ 130.270089375385623, -1.879018506253781 ], [ 130.266731168795303, -0.981324039677139 ], [ 129.361588229806273, -0.98453075066057 ], [ 129.364698643632323, -1.882226439658048 ], [ 130.270089375385623, -1.879018506253781 ] ] ] } },
{ "type": "Feature", "properties": { "cell_id": 356, "kekayaan_spesies": null, "total_individu": null, "jumlah_lokasi": null }, "geometry": { "type": "Polygon", "coordinates": [ [ [ 130.266731168795303, -0.981324039677139 ], [ 130.263374799911929, -0.08361835397055 ], [ 129.358479518091173, -0.086824609175089 ], [ 129.361588229806273, -0.98453075066057 ], [ 130.266731168795303, -0.981324039677139 ] ] ] } },
{ "type": "Feature", "properties": { "cell_id": 357, "kekayaan_spesies": null, "total_individu": null, "jumlah_lokasi": null }, "geometry": { "type": "Polygon", "coordinates": [ [ [ 130.263374799911929, -0.08361835397055 ], [ 130.260020267227475, 0.814313026304845 ], [ 129.355372507090237, 0.8111064606156 ], [ 129.358479518091173, -0.086824609175089 ], [ 130.263374799911929, -0.08361835397055 ] ] ] } },
{ "type": "Feature", "properties": { "cell_id": 358, "kekayaan_spesies": null, "total_individu": null, "jumlah_lokasi": null }, "geometry": { "type": "Polygon", "coordinates": [ [ [ 131.204397484430388, -9.082689155268863 ], [ 131.200775641666837, -8.177250458145528 ], [ 130.293648404335158, -8.18073688627093 ], [ 130.297021367069306, -9.086183737820901 ], [ 131.204397484430388, -9.082689155268863 ] ] ] } },
{ "type": "Feature", "properties": { "cell_id": 359, "kekayaan_spesies": null, "total_individu": null, "jumlah_lokasi": null }, "geometry": { "type": "Polygon", "coordinates": [ [ [ 131.200775641666837, -8.177250458145528 ], [ 131.197155785223146, -7.273562113433352 ], [ 130.290277291431948, -7.277041283783344 ], [ 130.293648404335158, -8.18073688627093 ], [ 131.200775641666837, -8.177250458145528 ] ] ] } },
{ "type": "Feature", "properties": { "cell_id": 360, "kekayaan_spesies": null, "total_individu": null, "jumlah_lokasi": null }, "geometry": { "type": "Polygon", "coordinates": [ [ [ 131.186308117484231, -4.570722037072734 ], [ 131.182696190002019, -3.671774163197683 ], [ 130.276811307727428, -3.675232981236439 ], [ 130.280175036503294, -4.574184664907592 ], [ 131.186308117484231, -4.570722037072734 ] ] ] } },
{ "type": "Feature", "properties": { "cell_id": 361, "kekayaan_spesies": null, "total_individu": null, "jumlah_lokasi": null }, "geometry": { "type": "Polygon", "coordinates": [ [ [ 131.182696190002019, -3.671774163197683 ], [ 131.179086240689685, -2.773460547982731 ], [ 130.27344942119251, -2.776916393779258 ], [ 130.276811307727428, -3.675232981236439 ], [ 131.182696190002019, -3.671774163197683 ] ] ] } },
{ "type": "Feature", "properties": { "cell_id": 362, "kekayaan_spesies": null, "total_individu": null, "jumlah_lokasi": null }, "geometry": { "type": "Polygon", "coordinates": [ [ [ 131.179086240689685, -2.773460547982731 ], [ 131.1754782679225, -1.875564801058026 ], [ 130.270089375385623, -1.879018506253781 ], [ 130.27344942119251, -2.776916393779258 ], [ 131.179086240689685, -2.773460547982731 ] ] ] } },
{ "type": "Feature", "properties": { "cell_id": 363, "kekayaan_spesies": null, "total_individu": null, "jumlah_lokasi": null }, "geometry": { "type": "Polygon", "coordinates": [ [ [ 131.1754782679225, -1.875564801058026 ], [ 131.171872270077699, -0.977871647491446 ], [ 130.266731168795303, -0.981324039677139 ], [ 130.270089375385623, -1.879018506253781 ], [ 131.1754782679225, -1.875564801058026 ] ] ] } },
{ "type": "Feature", "properties": { "cell_id": 364, "kekayaan_spesies": null, "total_individu": null, "jumlah_lokasi": null }, "geometry": { "type": "Polygon", "coordinates": [ [ [ 131.171872270077699, -0.977871647491446 ], [ 131.168268245534136, -0.080166449425448 ], [ 130.263374799911929, -0.08361835397055 ], [ 130.266731168795303, -0.981324039677139 ], [ 131.171872270077699, -0.977871647491446 ] ] ] } },
{ "type": "Feature", "properties": { "cell_id": 365, "kekayaan_spesies": null, "total_individu": null, "jumlah_lokasi": null }, "geometry": { "type": "Polygon", "coordinates": [ [ [ 131.168268245534136, -0.080166449425448 ], [ 131.164666192672513, 0.817765268183466 ], [ 130.260020267227475, 0.814313026304845 ], [ 130.263374799911929, -0.08361835397055 ], [ 131.168268245534136, -0.080166449425448 ] ] ] } },
{ "type": "Feature", "properties": { "cell_id": 366, "kekayaan_spesies": null, "total_individu": null, "jumlah_lokasi": null }, "geometry": { "type": "Polygon", "coordinates": [ [ [ 132.107900892679055, -8.173515956524337 ], [ 132.104032294328391, -7.269835382270157 ], [ 131.197155785223146, -7.273562113433352 ], [ 131.200775641666837, -8.177250458145528 ], [ 132.107900892679055, -8.173515956524337 ] ] ] } },
{ "type": "Feature", "properties": { "cell_id": 367, "kekayaan_spesies": null, "total_individu": null, "jumlah_lokasi": null }, "geometry": { "type": "Polygon", "coordinates": [ [ [ 132.104032294328391, -7.269835382270157 ], [ 132.100165817038828, -6.367674718068802 ], [ 131.193537913465718, -6.371394622049693 ], [ 131.197155785223146, -7.273562113433352 ], [ 132.104032294328391, -7.269835382270157 ] ] ] } },
{ "type": "Feature", "properties": { "cell_id": 368, "kekayaan_spesies": null, "total_individu": null, "jumlah_lokasi": null }, "geometry": { "type": "Polygon", "coordinates": [ [ [ 132.09630145906641, -5.466808155550554 ], [ 132.092439218669227, -4.5670130145887 ], [ 131.186308117484231, -4.570722037072734 ], [ 131.189922024762723, -5.470522160829729 ], [ 132.09630145906641, -5.466808155550554 ] ] ] } },
{ "type": "Feature", "properties": { "cell_id": 369, "kekayaan_spesies": null, "total_individu": null, "jumlah_lokasi": null }, "geometry": { "type": "Polygon", "coordinates": [ [ [ 132.092439218669227, -4.5670130145887 ], [ 132.088579094107104, -3.668069218030879 ], [ 131.182696190002019, -3.671774163197683 ], [ 131.186308117484231, -4.570722037072734 ], [ 132.092439218669227, -4.5670130145887 ] ] ] } },
{ "type": "Feature", "properties": { "cell_id": 370, "kekayaan_spesies": null, "total_individu": null, "jumlah_lokasi": null }, "geometry": { "type": "Polygon", "coordinates": [ [ [ 132.088579094107104, -3.668069218030879 ], [ 132.084721083641909, -2.769758783009181 ], [ 131.179086240689685, -2.773460547982731 ], [ 131.182696190002019, -3.671774163197683 ], [ 132.088579094107104, -3.668069218030879 ] ] ] } },
{ "type": "Feature", "properties": { "cell_id": 371, "kekayaan_spesies": null, "total_individu": null, "jumlah_lokasi": null }, "geometry": { "type": "Polygon", "coordinates": [ [ [ 132.084721083641909, -2.769758783009181 ], [ 132.080865185537363, -1.871865325474743 ], [ 131.1754782679225, -1.875564801058026 ], [ 131.179086240689685, -2.773460547982731 ], [ 132.084721083641909, -2.769758783009181 ] ] ] } },
{ "type": "Feature", "properties": { "cell_id": 372, "kekayaan_spesies": null, "total_individu": null, "jumlah_lokasi": null }, "geometry": { "type": "Polygon", "coordinates": [ [ [ 132.080865185537363, -1.871865325474743 ], [ 132.077011398059142, -0.974173574831219 ], [ 131.171872270077699, -0.977871647491446 ], [ 131.1754782679225, -1.875564801058026 ], [ 132.080865185537363, -1.871865325474743 ] ] ] } },
{ "type": "Feature", "properties": { "cell_id": 373, "kekayaan_spesies": null, "total_individu": null, "jumlah_lokasi": null }, "geometry": { "type": "Polygon", "coordinates": [ [ [ 132.077011398059142, -0.974173574831219 ], [ 132.073159719474688, -0.076468895587248 ], [ 131.168268245534136, -0.080166449425448 ], [ 131.171872270077699, -0.977871647491446 ], [ 132.077011398059142, -0.974173574831219 ] ] ] } },
{ "type": "Feature", "properties": { "cell_id": 374, "kekayaan_spesies": null, "total_individu": null, "jumlah_lokasi": null }, "geometry": { "type": "Polygon", "coordinates": [ [ [ 132.069310148053432, 0.821463186879524 ], [ 132.065462682066737, 1.719837459395097 ], [ 131.161066109875264, 1.71613829062821 ], [ 131.164666192672513, 0.817765268183466 ], [ 132.069310148053432, 0.821463186879524 ] ] ] } },
{ "type": "Feature", "properties": { "cell_id": 375, "kekayaan_spesies": null, "total_individu": null, "jumlah_lokasi": null }, "geometry": { "type": "Polygon", "coordinates": [ [ [ 133.006791601295049, -6.363707708566666 ], [ 133.002678775795232, -5.462847432436491 ], [ 132.09630145906641, -5.466808155550554 ], [ 132.100165817038828, -6.367674718068802 ], [ 133.006791601295049, -6.363707708566666 ] ] ] } },
{ "type": "Feature", "properties": { "cell_id": 376, "kekayaan_spesies": null, "total_individu": null, "jumlah_lokasi": null }, "geometry": { "type": "Polygon", "coordinates": [ [ [ 132.998568204019392, -4.563057601161555 ], [ 132.994459884115543, -3.664118148703321 ], [ 132.088579094107104, -3.668069218030879 ], [ 132.092439218669227, -4.5670130145887 ], [ 132.998568204019392, -4.563057601161555 ] ] ] } },
{ "type": "Feature", "properties": { "cell_id": 377, "kekayaan_spesies": null, "total_individu": null, "jumlah_lokasi": null }, "geometry": { "type": "Polygon", "coordinates": [ [ [ 132.994459884115543, -3.664118148703321 ], [ 132.990353814233828, -2.765811101088822 ], [ 132.084721083641909, -2.769758783009181 ], [ 132.088579094107104, -3.668069218030879 ], [ 132.994459884115543, -3.664118148703321 ] ] ] } },
{ "type": "Feature", "properties": { "cell_id": 378, "kekayaan_spesies": null, "total_individu": null, "jumlah_lokasi": null }, "geometry": { "type": "Polygon", "coordinates": [ [ [ 132.990353814233828, -2.765811101088822 ], [ 132.986249992526297, -1.867920081006069 ], [ 132.080865185537363, -1.871865325474743 ], [ 132.084721083641909, -2.769758783009181 ], [ 132.990353814233828, -2.765811101088822 ] ] ] } },
{ "type": "Feature", "properties": { "cell_id": 379, "kekayaan_spesies": null, "total_individu": null, "jumlah_lokasi": null }, "geometry": { "type": "Polygon", "coordinates": [ [ [ 132.986249992526297, -1.867920081006069 ], [ 132.982148417147073, -0.97022982246913 ], [ 132.077011398059142, -0.974173574831219 ], [ 132.080865185537363, -1.871865325474743 ], [ 132.986249992526297, -1.867920081006069 ] ] ] } },
{ "type": "Feature", "properties": { "cell_id": 380, "kekayaan_spesies": null, "total_individu": null, "jumlah_lokasi": null }, "geometry": { "type": "Polygon", "coordinates": [ [ [ 132.982148417147073, -0.97022982246913 ], [ 132.978049086252298, -0.072525692506269 ], [ 132.073159719474688, -0.076468895587248 ], [ 132.077011398059142, -0.974173574831219 ], [ 132.982148417147073, -0.97022982246913 ] ] ] } },
{ "type": "Feature", "properties": { "cell_id": 381, "kekayaan_spesies": null, "total_individu": null, "jumlah_lokasi": null }, "geometry": { "type": "Polygon", "coordinates": [ [ [ 133.913415129973714, -6.359493599099511 ], [ 133.909053838800418, -5.458639996234677 ], [ 133.002678775795232, -5.462847432436491 ], [ 133.006791601295049, -6.363707708566666 ], [ 133.913415129973714, -6.359493599099511 ] ] ] } },
{ "type": "Feature", "properties": { "cell_id": 382, "kekayaan_spesies": null, "total_individu": null, "jumlah_lokasi": null }, "geometry": { "type": "Polygon", "coordinates": [ [ [ 133.909053838800418, -5.458639996234677 ], [ 133.904694937497879, -4.55885580073942 ], [ 132.998568204019392, -4.563057601161555 ], [ 133.002678775795232, -5.462847432436491 ], [ 133.909053838800418, -5.458639996234677 ] ] ] } },
{ "type": "Feature", "properties": { "cell_id": 383, "kekayaan_spesies": null, "total_individu": null, "jumlah_lokasi": null }, "geometry": { "type": "Polygon", "coordinates": [ [ [ 133.904694937497879, -4.55885580073942 ], [ 133.900338424102273, -3.659920958369754 ], [ 132.994459884115543, -3.664118148703321 ], [ 132.998568204019392, -4.563057601161555 ], [ 133.904694937497879, -4.55885580073942 ] ] ] } },
{ "type": "Feature", "properties": { "cell_id": 384, "kekayaan_spesies": null, "total_individu": null, "jumlah_lokasi": null }, "geometry": { "type": "Polygon", "coordinates": [ [ [ 133.900338424102273, -3.659920958369754 ], [ 133.895984296651875, -2.7616175045951 ], [ 132.990353814233828, -2.765811101088822 ], [ 132.994459884115543, -3.664118148703321 ], [ 133.900338424102273, -3.659920958369754 ] ] ] } },
{ "type": "Feature", "properties": { "cell_id": 385, "kekayaan_spesies": null, "total_individu": null, "jumlah_lokasi": null }, "geometry": { "type": "Polygon", "coordinates": [ [ [ 133.895984296651875, -2.7616175045951 ], [ 133.891632553187208, -1.863729069246211 ], [ 132.986249992526297, -1.867920081006069 ], [ 132.990353814233828, -2.765811101088822 ], [ 133.895984296651875, -2.7616175045951 ] ] ] } },
{ "type": "Feature", "properties": { "cell_id": 386, "kekayaan_spesies": null, "total_individu": null, "jumlah_lokasi": null }, "geometry": { "type": "Polygon", "coordinates": [ [ [ 133.891632553187208, -1.863729069246211 ], [ 133.887283191750868, -0.966040391225639 ], [ 132.982148417147073, -0.97022982246913 ], [ 132.986249992526297, -1.867920081006069 ], [ 133.891632553187208, -1.863729069246211 ] ] ] } },
{ "type": "Feature", "properties": { "cell_id": 387, "kekayaan_spesies": null, "total_individu": null, "jumlah_lokasi": null }, "geometry": { "type": "Polygon", "coordinates": [ [ [ 133.887283191750868, -0.966040391225639 ], [ 133.882936210387669, -0.06833684022681 ], [ 132.978049086252298, -0.072525692506269 ], [ 132.982148417147073, -0.97022982246913 ], [ 133.887283191750868, -0.966040391225639 ] ] ] } },
{ "type": "Feature", "properties": { "cell_id": 388, "kekayaan_spesies": null, "total_individu": null, "jumlah_lokasi": null }, "geometry": { "type": "Polygon", "coordinates": [ [ [ 134.824648549790027, -7.257169885718533 ], [ 134.820036266815976, -6.355032395562666 ], [ 133.913415129973714, -6.359493599099511 ], [ 133.917778812983698, -7.261639261839209 ], [ 134.824648549790027, -7.257169885718533 ] ] ] } },
{ "type": "Feature", "properties": { "cell_id": 389, "kekayaan_spesies": null, "total_individu": null, "jumlah_lokasi": null }, "geometry": { "type": "Polygon", "coordinates": [ [ [ 134.820036266815976, -6.355032395562666 ], [ 134.815426511935215, -5.454185851980318 ], [ 133.909053838800418, -5.458639996234677 ], [ 133.913415129973714, -6.359493599099511 ], [ 134.820036266815976, -6.355032395562666 ] ] ] } },
{ "type": "Feature", "properties": { "cell_id": 390, "kekayaan_spesies": null, "total_individu": null, "jumlah_lokasi": null }, "geometry": { "type": "Polygon", "coordinates": [ [ [ 134.815426511935215, -5.454185851980318 ], [ 134.810819283069804, -4.554407617508749 ], [ 133.904694937497879, -4.55885580073942 ], [ 133.909053838800418, -5.458639996234677 ], [ 134.815426511935215, -5.454185851980318 ] ] ] } },
{ "type": "Feature", "properties": { "cell_id": 391, "kekayaan_spesies": null, "total_individu": null, "jumlah_lokasi": null }, "geometry": { "type": "Polygon", "coordinates": [ [ [ 134.810819283069804, -4.554407617508749 ], [ 134.806214578144051, -3.655477650379584 ], [ 133.900338424102273, -3.659920958369754 ], [ 133.904694937497879, -4.55885580073942 ], [ 134.810819283069804, -4.554407617508749 ] ] ] } },
{ "type": "Feature", "properties": { "cell_id": 392, "kekayaan_spesies": null, "total_individu": null, "jumlah_lokasi": null }, "geometry": { "type": "Polygon", "coordinates": [ [ [ 134.806214578144051, -3.655477650379584 ], [ 134.801612395084561, -2.757177996043444 ], [ 133.895984296651875, -2.7616175045951 ], [ 133.900338424102273, -3.659920958369754 ], [ 134.806214578144051, -3.655477650379584 ] ] ] } },
{ "type": "Feature", "properties": { "cell_id": 393, "kekayaan_spesies": null, "total_individu": null, "jumlah_lokasi": null }, "geometry": { "type": "Polygon", "coordinates": [ [ [ 134.801612395084561, -2.757177996043444 ], [ 134.797012731820132, -1.859292291882322 ], [ 133.891632553187208, -1.863729069246211 ], [ 133.895984296651875, -2.7616175045951 ], [ 134.801612395084561, -2.757177996043444 ] ] ] } },
{ "type": "Feature", "properties": { "cell_id": 394, "kekayaan_spesies": null, "total_individu": null, "jumlah_lokasi": null }, "geometry": { "type": "Polygon", "coordinates": [ [ [ 134.797012731820132, -1.859292291882322 ], [ 134.792415586281948, -0.961605281964681 ], [ 133.887283191750868, -0.966040391225639 ], [ 133.891632553187208, -1.863729069246211 ], [ 134.797012731820132, -1.859292291882322 ] ] ] } },
{ "type": "Feature", "properties": { "cell_id": 395, "kekayaan_spesies": null, "total_individu": null, "jumlah_lokasi": null }, "geometry": { "type": "Polygon", "coordinates": [ [ [ 134.792415586281948, -0.961605281964681 ], [ 134.787820956403351, -0.063902338792539 ], [ 133.882936210387669, -0.06833684022681 ], [ 133.887283191750868, -0.966040391225639 ], [ 134.792415586281948, -0.961605281964681 ] ] ] } },
{ "type": "Feature", "properties": { "cell_id": 396, "kekayaan_spesies": null, "total_individu": null, "jumlah_lokasi": null }, "geometry": { "type": "Polygon", "coordinates": [ [ [ 134.787820956403351, -0.063902338792539 ], [ 134.783228840119989, 0.834031010898288 ], [ 133.878591607144415, 0.829596057483569 ], [ 133.882936210387669, -0.06833684022681 ], [ 134.787820956403351, -0.063902338792539 ] ] ] } },
{ "type": "Feature", "properties": { "cell_id": 397, "kekayaan_spesies": null, "total_individu": null, "jumlah_lokasi": null }, "geometry": { "type": "Polygon", "coordinates": [ [ [ 135.731515756423192, -7.252452975073954 ], [ 135.726654875565316, -6.35032410419009 ], [ 134.820036266815976, -6.355032395562666 ], [ 134.824648549790027, -7.257169885718533 ], [ 135.731515756423192, -7.252452975073954 ] ] ] } },
{ "type": "Feature", "properties": { "cell_id": 398, "kekayaan_spesies": null, "total_individu": null, "jumlah_lokasi": null }, "geometry": { "type": "Polygon", "coordinates": [ [ [ 135.726654875565316, -6.35032410419009 ], [ 135.72179665905503, -5.449485004996861 ], [ 134.815426511935215, -5.454185851980318 ], [ 134.820036266815976, -6.355032395562666 ], [ 135.726654875565316, -6.35032410419009 ] ] ] } },
{ "type": "Feature", "properties": { "cell_id": 399, "kekayaan_spesies": null, "total_individu": null, "jumlah_lokasi": null }, "geometry": { "type": "Polygon", "coordinates": [ [ [ 135.716941104702471, -4.549713055894907 ], [ 135.712088210320019, -3.650788228268278 ], [ 134.806214578144051, -3.655477650379584 ], [ 134.810819283069804, -4.554407617508749 ], [ 135.716941104702471, -4.549713055894907 ] ] ] } },
{ "type": "Feature", "properties": { "cell_id": 400, "kekayaan_spesies": null, "total_individu": null, "jumlah_lokasi": null }, "geometry": { "type": "Polygon", "coordinates": [ [ [ 135.712088210320019, -3.650788228268278 ], [ 135.707237973722528, -2.752492578089166 ], [ 134.801612395084561, -2.757177996043444 ], [ 134.806214578144051, -3.655477650379584 ], [ 135.712088210320019, -3.650788228268278 ] ] ] } },
{ "type": "Feature", "properties": { "cell_id": 401, "kekayaan_spesies": null, "total_individu": null, "jumlah_lokasi": null }, "geometry": { "type": "Polygon", "coordinates": [ [ [ 135.702390392727239, -1.854609750695379 ], [ 135.697545465153809, -0.956924495594873 ], [ 134.792415586281948, -0.961605281964681 ], [ 134.797012731820132, -1.859292291882322 ], [ 135.702390392727239, -1.854609750695379 ] ] ] } },
{ "type": "Feature", "properties": { "cell_id": 402, "kekayaan_spesies": null, "total_individu": null, "jumlah_lokasi": null }, "geometry": { "type": "Polygon", "coordinates": [ [ [ 135.697545465153809, -0.956924495594873 ], [ 135.692703188824169, -0.059222188240393 ], [ 134.787820956403351, -0.063902338792539 ], [ 134.792415586281948, -0.961605281964681 ], [ 135.697545465153809, -0.956924495594873 ] ] ] } },
{ "type": "Feature", "properties": { "cell_id": 403, "kekayaan_spesies": null, "total_individu": null, "jumlah_lokasi": null }, "geometry": { "type": "Polygon", "coordinates": [ [ [ 136.628164144017603, -5.44453746089541 ], [ 136.6230602663654, -4.544772120560988 ], [ 135.716941104702471, -4.549713055894907 ], [ 135.72179665905503, -5.449485004996861 ], [ 136.628164144017603, -5.44453746089541 ] ] ] } },
{ "type": "Feature", "properties": { "cell_id": 404, "kekayaan_spesies": null, "total_individu": null, "jumlah_lokasi": null }, "geometry": { "type": "Polygon", "coordinates": [ [ [ 136.6230602663654, -4.544772120560988 ], [ 136.617959184711395, -3.645852695760615 ], [ 135.712088210320019, -3.650788228268278 ], [ 135.716941104702471, -4.549713055894907 ], [ 136.6230602663654, -4.544772120560988 ] ] ] } },
{ "type": "Feature", "properties": { "cell_id": 405, "kekayaan_spesies": null, "total_individu": null, "jumlah_lokasi": null }, "geometry": { "type": "Polygon", "coordinates": [ [ [ 136.617959184711395, -3.645852695760615 ], [ 136.61286089675869, -2.747561253526162 ], [ 135.707237973722528, -2.752492578089166 ], [ 135.712088210320019, -3.650788228268278 ], [ 136.617959184711395, -3.645852695760615 ] ] ] } },
{ "type": "Feature", "properties": { "cell_id": 406, "kekayaan_spesies": null, "total_individu": null, "jumlah_lokasi": null }, "geometry": { "type": "Polygon", "coordinates": [ [ [ 136.61286089675869, -2.747561253526162 ], [ 136.607765400212941, -1.849681447556087 ], [ 135.702390392727239, -1.854609750695379 ], [ 135.707237973722528, -2.752492578089166 ], [ 136.61286089675869, -2.747561253526162 ] ] ] } },
{ "type": "Feature", "properties": { "cell_id": 407, "kekayaan_spesies": null, "total_individu": null, "jumlah_lokasi": null }, "geometry": { "type": "Polygon", "coordinates": [ [ [ 136.607765400212941, -1.849681447556087 ], [ 136.602672692782221, -0.951998033065939 ], [ 135.697545465153809, -0.956924495594873 ], [ 135.702390392727239, -1.854609750695379 ], [ 136.607765400212941, -1.849681447556087 ] ] ] } },
{ "type": "Feature", "properties": { "cell_id": 408, "kekayaan_spesies": null, "total_individu": null, "jumlah_lokasi": null }, "geometry": { "type": "Polygon", "coordinates": [ [ [ 136.602672692782221, -0.951998033065939 ], [ 136.597582772177191, -0.054296388603506 ], [ 135.692703188824169, -0.059222188240393 ], [ 135.697545465153809, -0.956924495594873 ], [ 136.602672692782221, -0.951998033065939 ] ] ] } },
{ "type": "Feature", "properties": { "cell_id": 409, "kekayaan_spesies": null, "total_individu": null, "jumlah_lokasi": null }, "geometry": { "type": "Polygon", "coordinates": [ [ [ 137.534528830682945, -5.439343225571736 ], [ 137.529176632030556, -4.539584816404752 ], [ 136.6230602663654, -4.544772120560988 ], [ 136.628164144017603, -5.44453746089541 ], [ 137.534528830682945, -5.439343225571736 ] ] ] } },
{ "type": "Feature", "properties": { "cell_id": 410, "kekayaan_spesies": null, "total_individu": null, "jumlah_lokasi": null }, "geometry": { "type": "Polygon", "coordinates": [ [ [ 137.529176632030556, -4.539584816404752 ], [ 137.5238273654019, -3.640671056767462 ], [ 136.617959184711395, -3.645852695760615 ], [ 136.6230602663654, -4.544772120560988 ], [ 137.529176632030556, -4.539584816404752 ] ] ] } },
{ "type": "Feature", "properties": { "cell_id": 411, "kekayaan_spesies": null, "total_individu": null, "jumlah_lokasi": null }, "geometry": { "type": "Polygon", "coordinates": [ [ [ 137.5238273654019, -3.640671056767462 ], [ 137.518481028388379, -2.742384025287948 ], [ 136.61286089675869, -2.747561253526162 ], [ 136.617959184711395, -3.645852695760615 ], [ 137.5238273654019, -3.640671056767462 ] ] ] } },
{ "type": "Feature", "properties": { "cell_id": 412, "kekayaan_spesies": null, "total_individu": null, "jumlah_lokasi": null }, "geometry": { "type": "Polygon", "coordinates": [ [ [ 137.518481028388379, -2.742384025287948 ], [ 137.513137618583983, -1.844507384424179 ], [ 136.607765400212941, -1.849681447556087 ], [ 136.61286089675869, -2.747561253526162 ], [ 137.518481028388379, -2.742384025287948 ] ] ] } },
{ "type": "Feature", "properties": { "cell_id": 413, "kekayaan_spesies": null, "total_individu": null, "jumlah_lokasi": null }, "geometry": { "type": "Polygon", "coordinates": [ [ [ 137.513137618583983, -1.844507384424179 ], [ 137.507797133585342, -0.946825895370716 ], [ 136.602672692782221, -0.951998033065939 ], [ 136.607765400212941, -1.849681447556087 ], [ 137.513137618583983, -1.844507384424179 ] ] ] } },
{ "type": "Feature", "properties": { "cell_id": 414, "kekayaan_spesies": null, "total_individu": null, "jumlah_lokasi": null }, "geometry": { "type": "Polygon", "coordinates": [ [ [ 138.463323382849723, -9.045781796314481 ], [ 138.45771056816281, -8.140429011753326 ], [ 137.550603042908591, -8.145899813512877 ], [ 137.555966993795181, -9.051265338475041 ], [ 138.463323382849723, -9.045781796314481 ] ] ] } },
{ "type": "Feature", "properties": { "cell_id": 415, "kekayaan_spesies": null, "total_individu": null, "jumlah_lokasi": null }, "geometry": { "type": "Polygon", "coordinates": [ [ [ 138.45771056816281, -8.140429011753326 ], [ 138.452100831631668, -7.236817113397382 ], [ 137.545242033706728, -7.242276580788511 ], [ 137.550603042908591, -8.145899813512877 ], [ 138.45771056816281, -8.140429011753326 ] ] ] } },
{ "type": "Feature", "properties": { "cell_id": 416, "kekayaan_spesies": null, "total_individu": null, "jumlah_lokasi": null }, "geometry": { "type": "Polygon", "coordinates": [ [ [ 138.452100831631668, -7.236817113397382 ], [ 138.446494170724861, -6.334716770446003 ], [ 137.539883963770365, -6.340166284557686 ], [ 137.545242033706728, -7.242276580788511 ], [ 138.452100831631668, -7.236817113397382 ] ] ] } },
{ "type": "Feature", "properties": { "cell_id": 417, "kekayaan_spesies": null, "total_individu": null, "jumlah_lokasi": null }, "geometry": { "type": "Polygon", "coordinates": [ [ [ 138.446494170724861, -6.334716770446003 ], [ 138.440890582913738, -5.433902305206511 ], [ 137.534528830682945, -5.439343225571736 ], [ 137.539883963770365, -6.340166284557686 ], [ 138.446494170724861, -6.334716770446003 ] ] ] } },
{ "type": "Feature", "properties": { "cell_id": 418, "kekayaan_spesies": null, "total_individu": null, "jumlah_lokasi": null }, "geometry": { "type": "Polygon", "coordinates": [ [ [ 138.440890582913738, -5.433902305206511 ], [ 138.435290065672376, -4.534151148559383 ], [ 137.529176632030556, -4.539584816404752 ], [ 137.534528830682945, -5.439343225571736 ], [ 138.440890582913738, -5.433902305206511 ] ] ] } },
{ "type": "Feature", "properties": { "cell_id": 419, "kekayaan_spesies": null, "total_individu": null, "jumlah_lokasi": null }, "geometry": { "type": "Polygon", "coordinates": [ [ [ 138.435290065672376, -4.534151148559383 ], [ 138.429692616477723, -3.635243315386862 ], [ 137.5238273654019, -3.640671056767462 ], [ 137.529176632030556, -4.539584816404752 ], [ 138.435290065672376, -4.534151148559383 ] ] ] } },
{ "type": "Feature", "properties": { "cell_id": 420, "kekayaan_spesies": null, "total_individu": null, "jumlah_lokasi": null }, "geometry": { "type": "Polygon", "coordinates": [ [ [ 138.429692616477723, -3.635243315386862 ], [ 138.424098232809371, -2.736960896443956 ], [ 137.518481028388379, -2.742384025287948 ], [ 137.5238273654019, -3.640671056767462 ], [ 138.429692616477723, -3.635243315386862 ] ] ] } },
{ "type": "Feature", "properties": { "cell_id": 421, "kekayaan_spesies": null, "total_individu": null, "jumlah_lokasi": null }, "geometry": { "type": "Polygon", "coordinates": [ [ [ 138.424098232809371, -2.736960896443956 ], [ 138.418506912149695, -1.839087563348111 ], [ 137.513137618583983, -1.844507384424179 ], [ 137.518481028388379, -2.742384025287948 ], [ 138.424098232809371, -2.736960896443956 ] ] ] } },
{ "type": "Feature", "properties": { "cell_id": 422, "kekayaan_spesies": null, "total_individu": null, "jumlah_lokasi": null }, "geometry": { "type": "Polygon", "coordinates": [ [ [ 138.418506912149695, -1.839087563348111 ], [ 138.412918651983858, -0.941408083540909 ], [ 137.507797133585342, -0.946825895370716 ], [ 137.513137618583983, -1.844507384424179 ], [ 138.418506912149695, -1.839087563348111 ] ] ] } },
{ "type": "Feature", "properties": { "cell_id": 423, "kekayaan_spesies": null, "total_individu": null, "jumlah_lokasi": null }, "geometry": { "type": "Polygon", "coordinates": [ [ [ 139.370676691214726, -9.040049678640477 ], [ 139.364815015261684, -8.134710203016382 ], [ 138.45771056816281, -8.140429011753326 ], [ 138.463323382849723, -9.045781796314481 ], [ 139.370676691214726, -9.040049678640477 ] ] ] } },
{ "type": "Feature", "properties": { "cell_id": 424, "kekayaan_spesies": null, "total_individu": null, "jumlah_lokasi": null }, "geometry": { "type": "Polygon", "coordinates": [ [ [ 139.364815015261684, -8.134710203016382 ], [ 139.3589565539327, -7.231110143982942 ], [ 138.452100831631668, -7.236817113397382 ], [ 138.45771056816281, -8.140429011753326 ], [ 139.364815015261684, -8.134710203016382 ] ] ] } },
{ "type": "Feature", "properties": { "cell_id": 425, "kekayaan_spesies": null, "total_individu": null, "jumlah_lokasi": null }, "geometry": { "type": "Polygon", "coordinates": [ [ [ 139.3589565539327, -7.231110143982942 ], [ 139.353101304584129, -6.329020196792058 ], [ 138.446494170724861, -6.334716770446003 ], [ 138.452100831631668, -7.236817113397382 ], [ 139.3589565539327, -7.231110143982942 ] ] ] } },
{ "type": "Feature", "properties": { "cell_id": 426, "kekayaan_spesies": null, "total_individu": null, "jumlah_lokasi": null }, "geometry": { "type": "Polygon", "coordinates": [ [ [ 139.353101304584129, -6.329020196792058 ], [ 139.347249264575169, -5.428214706261473 ], [ 138.440890582913738, -5.433902305206511 ], [ 138.446494170724861, -6.334716770446003 ], [ 139.353101304584129, -6.329020196792058 ] ] ] } },
{ "type": "Feature", "properties": { "cell_id": 427, "kekayaan_spesies": null, "total_individu": null, "jumlah_lokasi": null }, "geometry": { "type": "Polygon", "coordinates": [ [ [ 139.347249264575169, -5.428214706261473 ], [ 139.341400431268028, -4.528471122390838 ], [ 138.435290065672376, -4.534151148559383 ], [ 138.440890582913738, -5.433902305206511 ], [ 139.347249264575169, -5.428214706261473 ] ] ] } },
{ "type": "Feature", "properties": { "cell_id": 428, "kekayaan_spesies": null, "total_individu": null, "jumlah_lokasi": null }, "geometry": { "type": "Polygon", "coordinates": [ [ [ 139.341400431268028, -4.528471122390838 ], [ 139.335554802027701, -3.629569475897946 ], [ 138.429692616477723, -3.635243315386862 ], [ 138.435290065672376, -4.534151148559383 ], [ 139.341400431268028, -4.528471122390838 ] ] ] } },
{ "type": "Feature", "properties": { "cell_id": 429, "kekayaan_spesies": null, "total_individu": null, "jumlah_lokasi": null }, "geometry": { "type": "Polygon", "coordinates": [ [ [ 139.335554802027701, -3.629569475897946 ], [ 139.329712374222083, -2.731291870197973 ], [ 138.424098232809371, -2.736960896443956 ], [ 138.429692616477723, -3.635243315386862 ], [ 139.335554802027701, -3.629569475897946 ] ] ] } },
{ "type": "Feature", "properties": { "cell_id": 430, "kekayaan_spesies": null, "total_individu": null, "jumlah_lokasi": null }, "geometry": { "type": "Polygon", "coordinates": [ [ [ 139.329712374222083, -2.731291870197973 ], [ 139.323873145221995, -1.83342198646437 ], [ 138.418506912149695, -1.839087563348111 ], [ 138.424098232809371, -2.736960896443956 ], [ 139.329712374222083, -2.731291870197973 ] ] ] } },
{ "type": "Feature", "properties": { "cell_id": 431, "kekayaan_spesies": null, "total_individu": null, "jumlah_lokasi": null }, "geometry": { "type": "Polygon", "coordinates": [ [ [ 139.323873145221995, -1.83342198646437 ], [ 139.3180371124011, -0.935744598646932 ], [ 138.412918651983858, -0.941408083540909 ], [ 138.418506912149695, -1.839087563348111 ], [ 139.323873145221995, -1.83342198646437 ] ] ] } },
{ "type": "Feature", "properties": { "cell_id": 432, "kekayaan_spesies": null, "total_individu": null, "jumlah_lokasi": null }, "geometry": { "type": "Polygon", "coordinates": [ [ [ 140.278026782309581, -9.034068996959334 ], [ 140.271916247736982, -8.12874339758595 ], [ 139.364815015261684, -8.134710203016382 ], [ 139.370676691214726, -9.040049678640477 ], [ 140.278026782309581, -9.034068996959334 ] ] ] } },
{ "type": "Feature", "properties": { "cell_id": 433, "kekayaan_spesies": null, "total_individu": null, "jumlah_lokasi": null }, "geometry": { "type": "Polygon", "coordinates": [ [ [ 140.271916247736982, -8.12874339758595 ], [ 140.26580906425383, -7.225155681629955 ], [ 139.3589565539327, -7.231110143982942 ], [ 139.364815015261684, -8.134710203016382 ], [ 140.271916247736982, -8.12874339758595 ] ] ] } },
{ "type": "Feature", "properties": { "cell_id": 434, "kekayaan_spesies": null, "total_individu": null, "jumlah_lokasi": null }, "geometry": { "type": "Polygon", "coordinates": [ [ [ 140.26580906425383, -7.225155681629955 ], [ 140.259705229104213, -6.323076571500556 ], [ 139.353101304584129, -6.329020196792058 ], [ 139.3589565539327, -7.231110143982942 ], [ 140.26580906425383, -7.225155681629955 ] ] ] } },
{ "type": "Feature", "properties": { "cell_id": 435, "kekayaan_spesies": null, "total_individu": null, "jumlah_lokasi": null }, "geometry": { "type": "Polygon", "coordinates": [ [ [ 140.259705229104213, -6.323076571500556 ], [ 140.253604739535319, -5.422280435482476 ], [ 139.347249264575169, -5.428214706261473 ], [ 139.353101304584129, -6.329020196792058 ], [ 140.259705229104213, -6.323076571500556 ] ] ] } },
{ "type": "Feature", "properties": { "cell_id": 436, "kekayaan_spesies": null, "total_individu": null, "jumlah_lokasi": null }, "geometry": { "type": "Polygon", "coordinates": [ [ [ 140.253604739535319, -5.422280435482476 ], [ 140.247507592797348, -4.522544743496034 ], [ 139.341400431268028, -4.528471122390838 ], [ 139.347249264575169, -5.428214706261473 ], [ 140.253604739535319, -5.422280435482476 ] ] ] } },
{ "type": "Feature", "properties": { "cell_id": 437, "kekayaan_spesies": null, "total_individu": null, "jumlah_lokasi": null }, "geometry": { "type": "Polygon", "coordinates": [ [ [ 140.247507592797348, -4.522544743496034 ], [ 140.241413786143426, -3.623649542764571 ], [ 139.335554802027701, -3.629569475897946 ], [ 139.341400431268028, -4.528471122390838 ], [ 140.247507592797348, -4.522544743496034 ] ] ] } },
{ "type": "Feature", "properties": { "cell_id": 438, "kekayaan_spesies": null, "total_individu": null, "jumlah_lokasi": null }, "geometry": { "type": "Polygon", "coordinates": [ [ [ 140.241413786143426, -3.623649542764571 ], [ 140.235323316829806, -2.725376949888892 ], [ 139.329712374222083, -2.731291870197973 ], [ 139.335554802027701, -3.629569475897946 ], [ 140.241413786143426, -3.623649542764571 ] ] ] } },
{ "type": "Feature", "properties": { "cell_id": 439, "kekayaan_spesies": null, "total_individu": null, "jumlah_lokasi": null }, "geometry": { "type": "Polygon", "coordinates": [ [ [ 140.235323316829806, -2.725376949888892 ], [ 140.229236182115585, -1.827510655991482 ], [ 139.323873145221995, -1.83342198646437 ], [ 139.329712374222083, -2.731291870197973 ], [ 140.235323316829806, -2.725376949888892 ] ] ] } },
{ "type": "Feature", "properties": { "cell_id": 440, "kekayaan_spesies": null, "total_individu": null, "jumlah_lokasi": null }, "geometry": { "type": "Polygon", "coordinates": [ [ [ 141.191736400412964, -9.93512066617919 ], [ 141.185373519556663, -9.027839763263531 ], [ 140.278026782309581, -9.034068996959334 ], [ 140.284140670730551, -9.941365971156173 ], [ 141.191736400412964, -9.93512066617919 ] ] ] } },
{ "type": "Feature", "properties": { "cell_id": 441, "kekayaan_spesies": 41.0, "total_individu": 403.0, "jumlah_lokasi": 4.0 }, "geometry": { "type": "Polygon", "coordinates": [ [ [ 141.185373519556663, -9.027839763263531 ], [ 141.179014129123374, -8.122528606178486 ], [ 140.271916247736982, -8.12874339758595 ], [ 140.278026782309581, -9.034068996959334 ], [ 141.185373519556663, -9.027839763263531 ] ] ] } },
{ "type": "Feature", "properties": { "cell_id": 442, "kekayaan_spesies": null, "total_individu": null, "jumlah_lokasi": null }, "geometry": { "type": "Polygon", "coordinates": [ [ [ 141.179014129123374, -8.122528606178486 ], [ 141.17265822624185, -7.21895373580332 ], [ 140.26580906425383, -7.225155681629955 ], [ 140.271916247736982, -8.12874339758595 ], [ 141.179014129123374, -8.122528606178486 ] ] ] } },
{ "type": "Feature", "properties": { "cell_id": 443, "kekayaan_spesies": null, "total_individu": null, "jumlah_lokasi": null }, "geometry": { "type": "Polygon", "coordinates": [ [ [ 141.17265822624185, -7.21895373580332 ], [ 141.166305808044086, -6.316885902807782 ], [ 140.259705229104213, -6.323076571500556 ], [ 140.26580906425383, -7.225155681629955 ], [ 141.17265822624185, -7.21895373580332 ] ] ] } },
{ "type": "Feature", "properties": { "cell_id": 444, "kekayaan_spesies": null, "total_individu": null, "jumlah_lokasi": null }, "geometry": { "type": "Polygon", "coordinates": [ [ [ 141.166305808044086, -6.316885902807782 ], [ 141.159956871665088, -5.416099499892161 ], [ 140.253604739535319, -5.422280435482476 ], [ 140.259705229104213, -6.323076571500556 ], [ 141.166305808044086, -6.316885902807782 ] ] ] } },
{ "type": "Feature", "properties": { "cell_id": 445, "kekayaan_spesies": null, "total_individu": null, "jumlah_lokasi": null }, "geometry": { "type": "Polygon", "coordinates": [ [ [ 141.159956871665088, -5.416099499892161 ], [ 141.153611414243073, -4.516372017703284 ], [ 140.247507592797348, -4.522544743496034 ], [ 140.253604739535319, -5.422280435482476 ], [ 141.159956871665088, -5.416099499892161 ] ] ] } },
{ "type": "Feature", "properties": { "cell_id": 446, "kekayaan_spesies": null, "total_individu": null, "jumlah_lokasi": null }, "geometry": { "type": "Polygon", "coordinates": [ [ [ 141.153611414243073, -4.516372017703284 ], [ 141.147269432919387, -3.617483520631001 ], [ 140.241413786143426, -3.623649542764571 ], [ 140.247507592797348, -4.522544743496034 ], [ 141.153611414243073, -4.516372017703284 ] ] ] } },
{ "type": "Feature", "properties": { "cell_id": 447, "kekayaan_spesies": null, "total_individu": null, "jumlah_lokasi": null }, "geometry": { "type": "Polygon", "coordinates": [ [ [ 141.147269432919387, -3.617483520631001 ], [ 141.140930924838528, -2.719216138987692 ], [ 140.235323316829806, -2.725376949888892 ], [ 140.241413786143426, -3.623649542764571 ], [ 141.147269432919387, -3.617483520631001 ] ] ] } },
{ "type": "Feature", "properties": { "cell_id": 448, "kekayaan_spesies": null, "total_individu": null, "jumlah_lokasi": null }, "geometry": { "type": "Polygon", "coordinates": [ [ [ 141.140930924838528, -2.719216138987692 ], [ 141.134595887148009, -1.821353574236026 ], [ 140.229236182115585, -1.827510655991482 ], [ 140.235323316829806, -2.725376949888892 ], [ 141.140930924838528, -2.719216138987692 ] ] ] } }
]
}
